Sendungstitel,Staffel,Folge,FolgenNr,Publikationsdatum
Markus Lanz 03.06.2008,,,,03.06.2008
Markus Lanz 04.06.2008,,,,04.06.2008
Markus Lanz 05.06.2008,,,,05.06.2008
Markus Lanz 10.06.2008,,,,10.06.2008
Markus Lanz 18.06.2008,,,,18.06.2008
Markus Lanz 19.06.2008,,,,19.06.2008
Markus Lanz 24.06.2008,,,,24.06.2008
Markus Lanz 26.06.2008,,,,26.06.2008
Markus Lanz 01.07.2008,,,,01.07.2008
Markus Lanz 03.07.2008,,,,03.07.2008
Markus Lanz 08.07.2008,,,,08.07.2008
Markus Lanz 10.07.2008,,,,10.07.2008
Markus Lanz 15.07.2008,,,,15.07.2008
Markus Lanz 17.07.2008,,,,17.07.2008
Markus Lanz 22.07.2008,,,,22.07.2008
Markus Lanz 24.07.2008,,,,24.07.2008
Markus Lanz 29.07.2008,,,,29.07.2008
Markus Lanz 31.07.2008,,,,31.07.2008
Markus Lanz 05.08.2008,,,,05.08.2008
Markus Lanz 07.08.2008,,,,07.08.2008
Markus Lanz 12.08.2008,,,,12.08.2008
Markus Lanz 14.08.2008,,,,14.08.2008
Markus Lanz 19.08.2008,,,,19.08.2008
Markus Lanz 21.08.2008,,,,21.08.2008
Markus Lanz 26.08.2008,,,,26.08.2008
Markus Lanz 28.08.2008,,,,28.08.2008
Markus Lanz 02.09.2008,,,,02.09.2008
Markus Lanz 03.09.2008,,,,03.09.2008
Markus Lanz 04.09.2008,,,,04.09.2008
Markus Lanz daheim: Mein Advent in SÃ¼dtirol,,,,14.12.2008
Markus Lanz 16.06.2009,,,,16.06.2009
Markus Lanz 17.06.2009,,,,17.06.2009
Markus Lanz 18.06.2009,,,,18.06.2009
Markus Lanz 23.06.2009,,,,23.06.2009
Markus Lanz 24.06.2009,,,,24.06.2009
Markus Lanz 25.06.2009,,,,25.06.2009
Markus Lanz 30.06.2009,,,,30.06.2009
Markus Lanz 01.07.2009,,,,01.07.2009
Markus Lanz 02.07.2009,,,,02.07.2009
Markus Lanz 07.07.2009,,,,07.07.2009
Markus Lanz 08.07.2009,,,,08.07.2009
Markus Lanz 09.07.2009,,,,09.07.2009
Markus Lanz 14.07.2009,,,,14.07.2009
Markus Lanz 15.07.2009,,,,15.07.2009
Markus Lanz 16.07.2009,,,,16.07.2009
Markus Lanz 21.07.2009,,,,21.07.2009
Markus Lanz 22.07.2009,,,,22.07.2009
Markus Lanz 23.07.2009,,,,23.07.2009
Markus Lanz 28.07.2009,,,,28.07.2009
Markus Lanz 29.07.2009,,,,29.07.2009
Markus Lanz 30.07.2009,,,,30.07.2009
Markus Lanz 04.08.2009,,,,04.08.2009
Markus Lanz 05.08.2009,,,,05.08.2009
Markus Lanz 06.08.2009,,,,06.08.2009
Markus Lanz 11.08.2009,,,,11.08.2009
Markus Lanz 12.08.2009,,,,12.08.2009
Markus Lanz 13.08.2009,,,,13.08.2009
Markus Lanz 18.08.2009,,,,18.08.2009
Markus Lanz 19.08.2009,,,,19.08.2009
Markus Lanz 20.08.2009,,,,20.08.2009
Markus Lanz 25.08.2009,,,,25.08.2009
Markus Lanz 26.08.2009,,,,26.08.2009
Markus Lanz 27.08.2009,,,,27.08.2009
Markus Lanz 07.10.2009,,,,07.10.2009
Markus Lanz 08.10.2009,,,,08.10.2009
Markus Lanz 14.10.2009,,,,14.10.2009
Markus Lanz 15.10.2009,,,,15.10.2009
Markus Lanz 21.10.2009,,,,21.10.2009
Markus Lanz 22.10.2009,,,,22.10.2009
Markus Lanz 28.10.2009,2.0,40.0,69.0,28.10.2009
Markus Lanz 29.10.2009,,,,29.10.2009
Markus Lanz 04.11.2009,,,,04.11.2009
Markus Lanz 05.11.2009,,,,05.11.2009
Markus Lanz 11.11.2009,,,,11.11.2009
Markus Lanz 12.11.2009,,,,12.11.2009
Markus Lanz 19.11.2009,,,,19.11.2009
Markus Lanz 25.11.2009,,,,25.11.2009
Markus Lanz 26.11.2009,,,,26.11.2009
Markus Lanz 02.12.2009,,,,02.12.2009
Markus Lanz 03.12.2009,,,,03.12.2009
Markus Lanz 09.12.2009,,,,09.12.2009
Markus Lanz 10.12.2009,,,,10.12.2009
Markus Lanz 16.12.2009,,,,16.12.2009
Markus Lanz 13.01.2010,,,,13.01.2010
Markus Lanz 14.01.2010,,,,14.01.2010
Markus Lanz 20.01.2010,,,,20.01.2010
Markus Lanz 21.01.2010,,,,21.01.2010
Markus Lanz 27.01.2010,,,,27.01.2010
Markus Lanz 28.01.2010,,,,28.01.2010
Markus Lanz 03.02.2010,,,,03.02.2010
Markus Lanz 04.02.2010,,,,04.02.2010
Markus Lanz 10.02.2010,,,,10.02.2010
Markus Lanz 17.02.2010,,,,17.02.2010
Markus Lanz 02.03.2010,,,,02.03.2010
Markus Lanz 04.03.2010,,,,04.03.2010
Markus Lanz 09.03.2010,,,,09.03.2010
Markus Lanz 10.03.2010,,,,10.03.2010
Markus Lanz 11.03.2010,,,,11.03.2010
Markus Lanz 16.03.2010,,,,16.03.2010
Markus Lanz 17.03.2010,,,,17.03.2010
Markus Lanz 18.03.2010,,,,18.03.2010
Markus Lanz 23.03.2010,,,,23.03.2010
Markus Lanz 24.03.2010,,,,24.03.2010
Markus Lanz 25.03.2010,,,,25.03.2010
Markus Lanz 30.03.2010,,,,30.03.2010
Markus Lanz 31.03.2010,,,,31.03.2010
Markus Lanz 06.04.2010,,,,06.04.2010
Markus Lanz 07.04.2010,,,,07.04.2010
Markus Lanz 08.04.2010,,,,08.04.2010
Markus Lanz 13.04.2010,,,,13.04.2010
Markus Lanz 14.04.2010,,,,14.04.2010
Markus Lanz 15.04.2010,,,,15.04.2010
Markus Lanz 20.04.2010,,,,20.04.2010
Markus Lanz 21.04.2010,,,,21.04.2010
Markus Lanz 22.04.2010,,,,22.04.2010
Markus Lanz 27.04.2010,,,,27.04.2010
Markus Lanz 28.04.2010,,,,28.04.2010
Markus Lanz 29.04.2010,,,,29.04.2010
Markus Lanz 04.05.2010,,,,04.05.2010
Markus Lanz 05.05.2010,,,,05.05.2010
Markus Lanz 06.05.2010,,,,06.05.2010
Markus Lanz 11.05.2010,,,,11.05.2010
Markus Lanz 18.05.2010,,,,18.05.2010
Markus Lanz 19.05.2010,,,,19.05.2010
Markus Lanz 20.05.2010,,,,20.05.2010
Markus Lanz 25.05.2010,,,,25.05.2010
Markus Lanz 26.05.2010,,,,26.05.2010
Markus Lanz 27.05.2010,,,,27.05.2010
Markus Lanz 01.06.2010,,,,01.06.2010
Markus Lanz 02.06.2010,,,,02.06.2010
Markus Lanz 03.06.2010,,,,03.06.2010
Markus Lanz 08.06.2010,,,,08.06.2010
Markus Lanz 09.06.2010,,,,09.06.2010
Markus Lanz 04.08.2010,,,,04.08.2010
Markus Lanz 05.08.2010,,,,05.08.2010
Markus Lanz 12.08.2010,,,,12.08.2010
Markus Lanz 18.08.2010,,,,18.08.2010
Markus Lanz 19.08.2010,,,,19.08.2010
Markus Lanz 25.08.2010,,,,25.08.2010
Markus Lanz 26.08.2010,,,,26.08.2010
Markus Lanz 01.09.2010,,,,01.09.2010
Markus Lanz 02.09.2010,,,,02.09.2010
Markus Lanz 08.09.2010,,,,08.09.2010
Markus Lanz 09.09.2010,,,,09.09.2010
Markus Lanz 15.09.2010,,,,15.09.2010
Markus Lanz 16.09.2010,,,,16.09.2010
Markus Lanz 21.09.2010,,,,21.09.2010
Markus Lanz 22.09.2010,,,,22.09.2010
Markus Lanz 23.09.2010,,,,23.09.2010
Markus Lanz 28.09.2010,,,,28.09.2010
Markus Lanz 29.09.2010,,,,29.09.2010
Markus Lanz 30.09.2010,,,,30.09.2010
Markus Lanz 05.10.2010,,,,05.10.2010
Markus Lanz 06.10.2010,,,,06.10.2010
Markus Lanz 07.10.2010,,,,07.10.2010
Markus Lanz 13.10.2010,,,,13.10.2010
Markus Lanz 14.10.2010,,,,14.10.2010
Markus Lanz 19.10.2010,,,,19.10.2010
Markus Lanz 20.10.2010,,,,20.10.2010
Markus Lanz 21.10.2010,,,,21.10.2010
Markus Lanz 26.10.2010,,,,26.10.2010
Markus Lanz 28.10.2010,,,,28.10.2010
Markus Lanz 02.11.2010,,,,02.11.2010
Markus Lanz 03.11.2010,,,,03.11.2010
Markus Lanz 04.11.2010,,,,04.11.2010
Markus Lanz 09.11.2010,,,,09.11.2010
Markus Lanz 10.11.2010,,,,10.11.2010
Markus Lanz 11.11.2010,,,,11.11.2010
Markus Lanz 18.11.2010,,,,18.11.2010
Markus Lanz 23.11.2010,,,,23.11.2010
Markus Lanz 25.11.2010,,,,25.11.2010
Markus Lanz 30.11.2010,,,,30.11.2010
Markus Lanz 01.12.2010,,,,01.12.2010
Markus Lanz 02.12.2010,,,,02.12.2010
Markus Lanz 07.12.2010,,,,07.12.2010
Markus Lanz 08.12.2010,,,,08.12.2010
Markus Lanz 09.12.2010,,,,09.12.2010
Markus Lanz 14.12.2010,,,,14.12.2010
Markus Lanz 15.12.2010,,,,15.12.2010
Markus Lanz 12.01.2011,,,,12.01.2011
Markus Lanz 13.01.2011,,,,13.01.2011
Markus Lanz 18.01.2011,,,,18.01.2011
Markus Lanz 19.01.2011,,,,19.01.2011
Markus Lanz 20.01.2011,,,,20.01.2011
Markus Lanz 25.01.2011,,,,25.01.2011
Markus Lanz 26.01.2011,,,,26.01.2011
Markus Lanz 27.01.2011,,,,27.01.2011
Markus Lanz 01.02.2011,,,,01.02.2011
Markus Lanz 02.02.2011,,,,02.02.2011
Markus Lanz 03.02.2011,,,,03.02.2011
Markus Lanz 08.02.2011,,,,08.02.2011
Markus Lanz 09.02.2011,,,,09.02.2011
Markus Lanz 10.02.2011,,,,10.02.2011
Markus Lanz 15.02.2011,,,,15.02.2011
Markus Lanz 16.02.2011,,,,16.02.2011
Markus Lanz 17.02.2011,,,,17.02.2011
Markus Lanz 23.02.2011,,,,23.02.2011
Markus Lanz 24.02.2011,,,,24.02.2011
Markus Lanz 01.03.2011,,,,01.03.2011
Markus Lanz 02.03.2011,,,,02.03.2011
Markus Lanz 08.03.2011,,,,08.03.2011
Markus Lanz 09.03.2011,,,,09.03.2011
Markus Lanz 10.03.2011,,,,10.03.2011
Markus Lanz 15.03.2011,,,,15.03.2011
Markus Lanz 16.03.2011,,,,16.03.2011
Markus Lanz 17.03.2011,,,,17.03.2011
Markus Lanz 22.03.2011,,,,22.03.2011
Markus Lanz 23.03.2011,,,,23.03.2011
Markus Lanz 24.03.2011,,,,24.03.2011
Markus Lanz 30.03.2011,,,,30.03.2011
Markus Lanz 31.03.2011,,,,31.03.2011
Markus Lanz 05.04.2011,,,,05.04.2011
Markus Lanz 06.04.2011,,,,06.04.2011
Markus Lanz 07.04.2011,,,,07.04.2011
Markus Lanz 13.04.2011,,,,13.04.2011
Markus Lanz 14.04.2011,,,,14.04.2011
Markus Lanz 19.04.2011,,,,19.04.2011
Markus Lanz 26.04.2011,,,,26.04.2011
Markus Lanz 27.04.2011,,,,27.04.2011
Markus Lanz 28.04.2011,,,,28.04.2011
Markus Lanz 03.05.2011,,,,03.05.2011
Markus Lanz 05.05.2011,,,,05.05.2011
Markus Lanz 10.05.2011,,,,10.05.2011
Markus Lanz 11.05.2011,,,,11.05.2011
Markus Lanz 12.05.2011,,,,12.05.2011
Markus Lanz 17.05.2011,,,,17.05.2011
Markus Lanz 18.05.2011,,,,18.05.2011
Markus Lanz 19.05.2011,,,,19.05.2011
Markus Lanz 25.05.2011,,,,25.05.2011
Markus Lanz 31.05.2011,,,,31.05.2011
Markus Lanz 01.06.2011,,,,01.06.2011
Markus Lanz 02.06.2011,,,,02.06.2011
Markus Lanz 07.06.2011,,,,07.06.2011
Markus Lanz 08.06.2011,,,,08.06.2011
Markus Lanz 09.06.2011,,,,09.06.2011
Markus Lanz 14.06.2011,,,,14.06.2011
Markus Lanz 15.06.2011,,,,15.06.2011
Markus Lanz 16.06.2011,,,,16.06.2011
Markus Lanz 22.06.2011,,,,22.06.2011
Markus Lanz 23.06.2011,,,,23.06.2011
Markus Lanz 28.06.2011,,,,28.06.2011
Markus Lanz 29.06.2011,,,,29.06.2011
Markus Lanz 30.06.2011,,,,30.06.2011
Markus Lanz 05.07.2011,,,,05.07.2011
Markus Lanz 06.07.2011,,,,06.07.2011
Markus Lanz 07.07.2011,,,,07.07.2011
Markus Lanz 12.07.2011,,,,12.07.2011
Markus Lanz 14.07.2011,,,,14.07.2011
Markus Lanz 17.08.2011,,,,17.08.2011
Markus Lanz 18.08.2011,,,,18.08.2011
Markus Lanz spezial 23.08.2011,,,,23.08.2011
Markus Lanz 23.08.2011,,,,23.08.2011
Markus Lanz 24.08.2011,,,,24.08.2011
Markus Lanz 25.08.2011,,,,25.08.2011
Markus Lanz 30.08.2011,,,,30.08.2011
Markus Lanz 31.08.2011,,,,31.08.2011
Markus Lanz 01.09.2011,,,,01.09.2011
Markus Lanz 07.09.2011,,,,07.09.2011
Markus Lanz 08.09.2011,,,,08.09.2011
Markus Lanz 13.09.2011,,,,13.09.2011
Markus Lanz 14.09.2011,,,,14.09.2011
Markus Lanz 15.09.2011,,,,15.09.2011
Markus Lanz 20.09.2011,,,,20.09.2011
Markus Lanz 21.09.2011,,,,21.09.2011
Markus Lanz 22.09.2011,,,,22.09.2011
Markus Lanz 27.09.2011,,,,27.09.2011
Markus Lanz 28.09.2011,,,,28.09.2011
Markus Lanz 29.09.2011,,,,29.09.2011
Markus Lanz 04.10.2011,,,,04.10.2011
Markus Lanz 05.10.2011,,,,05.10.2011
Markus Lanz 06.10.2011,,,,06.10.2011
Markus Lanz 11.10.2011,,,,11.10.2011
Markus Lanz 12.10.2011,,,,12.10.2011
Markus Lanz 13.10.2011,,,,13.10.2011
Markus Lanz 18.10.2011,,,,18.10.2011
Markus Lanz 19.10.2011,,,,19.10.2011
Markus Lanz 20.10.2011,,,,20.10.2011
Markus Lanz 26.10.2011,,,,26.10.2011
Markus Lanz 27.10.2011,,,,27.10.2011
Markus Lanz 02.11.2011,,,,02.11.2011
Markus Lanz 03.11.2011,,,,03.11.2011
Markus Lanz 08.11.2011,,,,08.11.2011
Markus Lanz 09.11.2011,,,,09.11.2011
Markus Lanz 10.11.2011,,,,10.11.2011
Markus Lanz 22.11.2011,,,,22.11.2011
Markus Lanz 23.11.2011,,,,23.11.2011
Markus Lanz 24.11.2011,,,,24.11.2011
Markus Lanz 29.11.2011,,,,29.11.2011
Markus Lanz 30.11.2011,,,,30.11.2011
Markus Lanz 01.12.2011,,,,01.12.2011
Markus Lanz 06.12.2011,,,,06.12.2011
Markus Lanz 07.12.2011,,,,07.12.2011
Markus Lanz 08.12.2011,,,,08.12.2011
Markus Lanz 13.12.2011,,,,13.12.2011
Markus Lanz 14.12.2011,,,,14.12.2011
Markus Lanz 15.12.2011,,,,15.12.2011
Markus Lanz 10.01.2012,,,,10.01.2012
Markus Lanz 11.01.2012,,,,11.01.2012
Markus Lanz 12.01.2012,,,,12.01.2012
Markus Lanz 17.01.2012,,,,17.01.2012
Markus Lanz 18.01.2012,,,,18.01.2012
Markus Lanz 19.01.2012,,,,19.01.2012
Markus Lanz 24.01.2012,,,,24.01.2012
Markus Lanz 25.01.2012,,,,25.01.2012
Markus Lanz 26.01.2012,,,,26.01.2012
Markus Lanz 31.01.2012,,,,31.01.2012
Markus Lanz 01.02.2012,,,,01.02.2012
Markus Lanz 02.02.2012,,,,02.02.2012
Markus Lanz 07.02.2012,,,,07.02.2012
Markus Lanz 08.02.2012,,,,08.02.2012
Markus Lanz 09.02.2012,,,,09.02.2012
Markus Lanz 15.02.2012,,,,15.02.2012
Markus Lanz 16.02.2012,,,,16.02.2012
Markus Lanz 21.02.2012,,,,21.02.2012
Markus Lanz 22.02.2012,,,,22.02.2012
Markus Lanz 23.02.2012,,,,23.02.2012
Markus Lanz 28.02.2012,,,,28.02.2012
Markus Lanz 29.02.2012,,,,29.02.2012
Markus Lanz 01.03.2012,,,,01.03.2012
Markus Lanz 06.03.2012,,,,06.03.2012
Markus Lanz 07.03.2012,,,,07.03.2012
Markus Lanz 08.03.2012,,,,08.03.2012
Markus Lanz 13.03.2012,,,,13.03.2012
Markus Lanz 14.03.2012,,,,14.03.2012
Markus Lanz 15.03.2012,,,,15.03.2012
Markus Lanz 20.03.2012,,,,20.03.2012
Markus Lanz 21.03.2012,,,,21.03.2012
Markus Lanz 22.03.2012,,,,22.03.2012
Markus Lanz 27.03.2012,,,,27.03.2012
Markus Lanz 28.03.2012,,,,28.03.2012
Markus Lanz 29.03.2012,,,,29.03.2012
Markus Lanz 03.04.2012,,,,03.04.2012
Markus Lanz 04.04.2012,,,,04.04.2012
Markus Lanz 05.04.2012,,,,05.04.2012
Markus Lanz 10.04.2012,,,,10.04.2012
Markus Lanz 11.04.2012,,,,11.04.2012
Markus Lanz 12.04.2012,,,,12.04.2012
Markus Lanz 17.04.2012,,,,17.04.2012
Markus Lanz 18.04.2012,,,,18.04.2012
Markus Lanz 19.04.2012,,,,19.04.2012
Markus Lanz 24.04.2012,,,,24.04.2012
Markus Lanz 25.04.2012,,,,25.04.2012
Markus Lanz 26.04.2012,,,,26.04.2012
Markus Lanz 01.05.2012,,,,01.05.2012
Markus Lanz 02.05.2012,,,,02.05.2012
Markus Lanz 03.05.2012,,,,03.05.2012
Markus Lanz 08.05.2012,,,,08.05.2012
Markus Lanz 09.05.2012,,,,09.05.2012
Markus Lanz 10.05.2012,,,,10.05.2012
Markus Lanz 15.05.2012,,,,15.05.2012
Markus Lanz 16.05.2012,,,,16.05.2012
Markus Lanz 17.05.2012,,,,17.05.2012
Markus Lanz 22.05.2012,,,,22.05.2012
Markus Lanz 23.05.2012,,,,23.05.2012
Markus Lanz 24.05.2012,,,,24.05.2012
Markus Lanz 29.05.2012,,,,29.05.2012
Markus Lanz 30.05.2012,,,,30.05.2012
Markus Lanz 31.05.2012,,,,31.05.2012
Markus Lanz 05.06.2012,,,,05.06.2012
Markus Lanz 06.06.2012,,,,06.06.2012
Markus Lanz 07.06.2012,,,,07.06.2012
Markus Lanz 12.06.2012,,,,12.06.2012
Markus Lanz 13.06.2012,,,,13.06.2012
Markus Lanz 14.06.2012,,,,14.06.2012
Markus Lanz 19.06.2012,,,,19.06.2012
Markus Lanz 20.06.2012,,,,20.06.2012
Markus Lanz 21.06.2012,,,,21.06.2012
Markus Lanz 22.06.2012,,,,22.06.2012
Markus Lanz 26.06.2012,,,,26.06.2012
Markus Lanz 27.06.2012,,,,27.06.2012
Markus Lanz 01.07.2012,,,,01.07.2012
Markus Lanz 03.07.2012,,,,03.07.2012
Markus Lanz 04.07.2012,,,,04.07.2012
Markus Lanz 05.07.2012,,,,05.07.2012
Markus Lanz 10.07.2012,,,,10.07.2012
Markus Lanz 11.07.2012,,,,11.07.2012
Markus Lanz 12.07.2012,,,,12.07.2012
Markus Lanz 17.07.2012,,,,17.07.2012
Markus Lanz 18.07.2012,,,,18.07.2012
Markus Lanz 19.07.2012,,,,19.07.2012
Markus Lanz 24.07.2012,,,,24.07.2012
Markus Lanz 25.07.2012,,,,25.07.2012
Markus Lanz 26.07.2012,,,,26.07.2012
Markus Lanz 21.08.2012,,,,21.08.2012
Markus Lanz 22.08.2012,,,,22.08.2012
Markus Lanz 23.08.2012,,,,23.08.2012
Markus Lanz 28.08.2012,,,,28.08.2012
Markus Lanz 29.08.2012,,,,29.08.2012
Markus Lanz 30.08.2012,,,,30.08.2012
Markus Lanz 04.09.2012,,,,04.09.2012
Markus Lanz 05.09.2012,,,,05.09.2012
Markus Lanz 06.09.2012,,,,06.09.2012
Markus Lanz 11.09.2012,,,,11.09.2012
Markus Lanz 12.09.2012,,,,12.09.2012
Markus Lanz 13.09.2012,,,,13.09.2012
Markus Lanz 18.09.2012,,,,18.09.2012
Markus Lanz 19.09.2012,,,,19.09.2012
Markus Lanz 20.09.2012,,,,20.09.2012
Markus Lanz 25.09.2012,,,,25.09.2012
Markus Lanz 26.09.2012,,,,26.09.2012
Markus Lanz 27.09.2012,,,,27.09.2012
Markus Lanz 02.10.2012,,,,02.10.2012
Markus Lanz 03.10.2012,,,,03.10.2012
Markus Lanz 09.10.2012,,,,09.10.2012
Markus Lanz 10.10.2012,,,,10.10.2012
Markus Lanz 11.10.2012,,,,11.10.2012
Markus Lanz 17.10.2012,,,,17.10.2012
Markus Lanz 18.10.2012,,,,18.10.2012
Markus Lanz 23.10.2012,,,,23.10.2012
Markus Lanz 24.10.2012,,,,24.10.2012
Markus Lanz 25.10.2012,,,,25.10.2012
Markus Lanz 30.10.2012,,,,30.10.2012
Markus Lanz 31.10.2012,,,,31.10.2012
Markus Lanz 01.11.2012,,,,01.11.2012
Markus Lanz 06.11.2012,,,,06.11.2012
Markus Lanz 07.11.2012,,,,07.11.2012
Markus Lanz 08.11.2012,,,,08.11.2012
Markus Lanz 13.11.2012,,,,13.11.2012
Markus Lanz 14.11.2012,,,,14.11.2012
Markus Lanz 15.11.2012,,,,15.11.2012
Markus Lanz 20.11.2012,,,,20.11.2012
Markus Lanz 21.11.2012,,,,21.11.2012
Markus Lanz 22.11.2012,,,,22.11.2012
Markus Lanz 27.11.2012,,,,27.11.2012
Markus Lanz 28.11.2012,,,,28.11.2012
Markus Lanz 29.11.2012,,,,29.11.2012
Markus Lanz 04.12.2012,,,,04.12.2012
Markus Lanz 06.12.2012,,,,06.12.2012
Markus Lanz 11.12.2012,,,,11.12.2012
Markus Lanz 12.12.2012,,,,12.12.2012
Markus Lanz 13.12.2012,,,,13.12.2012
Markus Lanz 18.12.2012,,,,18.12.2012
Markus Lanz 19.12.2012,,,,19.12.2012
Markus Lanz 15.01.2013,,,,15.01.2013
Markus Lanz 16.01.2013,,,,16.01.2013
Markus Lanz 17.01.2013,,,,17.01.2013
Markus Lanz 22.01.2013,,,,22.01.2013
Markus Lanz 23.01.2013,,,,23.01.2013
Markus Lanz 24.01.2013,,,,24.01.2013
Markus Lanz 29.01.2013,,,,29.01.2013
Markus Lanz 30.01.2013,,,,30.01.2013
Markus Lanz 31.01.2013,,,,31.01.2013
Markus Lanz 05.02.2013,,,,05.02.2013
Markus Lanz 06.02.2013,,,,06.02.2013
Markus Lanz 07.02.2013,,,,07.02.2013
Markus Lanz 12.02.2013,,,,12.02.2013
Markus Lanz 13.02.2013,,,,13.02.2013
Markus Lanz 14.02.2013,,,,14.02.2013
Markus Lanz 19.02.2013,,,,19.02.2013
Markus Lanz 20.02.2013,,,,20.02.2013
Markus Lanz 21.02.2013,,,,21.02.2013
Markus Lanz 26.02.2013,,,,26.02.2013
Markus Lanz 27.02.2013,,,,27.02.2013
Markus Lanz 28.02.2013,,,,28.02.2013
Markus Lanz im Interview mit Peter Kohl und Walter Kohl,,,,01.03.2013
Markus Lanz 05.03.2013,,,,05.03.2013
Markus Lanz 06.03.2013,,,,06.03.2013
Markus Lanz 07.03.2013,,,,07.03.2013
Markus Lanz 12.03.2013,,,,12.03.2013
Markus Lanz 13.03.2013,,,,13.03.2013
Markus Lanz 14.03.2013,,,,14.03.2013
Markus Lanz 19.03.2013,,,,19.03.2013
Markus Lanz 20.03.2013,,,,20.03.2013
Markus Lanz 21.03.2013,,,,21.03.2013
Markus Lanz 26.03.2013,,,,26.03.2013
Markus Lanz 27.03.2013,,,,27.03.2013
Markus Lanz 28.03.2013,,,,28.03.2013
Markus Lanz 02.04.2013,,,,02.04.2013
Markus Lanz 03.04.2013,,,,03.04.2013
Markus Lanz 04.04.2013,,,,04.04.2013
Markus Lanz 09.04.2013,,,,09.04.2013
Markus Lanz 10.04.2013,,,,10.04.2013
Markus Lanz 11.04.2013,,,,11.04.2013
Markus Lanz 16.04.2013,,,,16.04.2013
Markus Lanz 17.04.2013,,,,17.04.2013
Markus Lanz 18.04.2013,,,,18.04.2013
Markus Lanz 23.04.2013,,,,23.04.2013
Markus Lanz 24.04.2013,,,,24.04.2013
Markus Lanz 25.04.2013,,,,25.04.2013
Markus Lanz 30.04.2013,,,,30.04.2013
Markus Lanz 01.05.2013,,,,01.05.2013
Markus Lanz 02.05.2013,,,,02.05.2013
Markus Lanz 07.05.2013,,,,07.05.2013
Markus Lanz 08.05.2013,,,,08.05.2013
Markus Lanz 09.05.2013,,,,09.05.2013
Markus Lanz 14.05.2013,,,,14.05.2013
Markus Lanz 15.05.2013,,,,15.05.2013
Markus Lanz 16.05.2013,,,,16.05.2013
Markus Lanz 21.05.2013,,,,21.05.2013
Markus Lanz 22.05.2013,,,,22.05.2013
Markus Lanz 23.05.2013,,,,23.05.2013
Markus Lanz 28.05.2013,,,,28.05.2013
Markus Lanz 29.05.2013,,,,29.05.2013
Markus Lanz 30.05.2013,,,,30.05.2013
Markus Lanz 04.06.2013,,,,04.06.2013
Markus Lanz 05.06.2013,,,,05.06.2013
Markus Lanz 06.06.2013,,,,06.06.2013
Markus Lanz 11.06.2013,,,,11.06.2013
Markus Lanz 12.06.2013,,,,12.06.2013
Markus Lanz 13.06.2013,,,,13.06.2013
Markus Lanz 18.06.2013,,,,18.06.2013
Markus Lanz 19.06.2013,,,,19.06.2013
Markus Lanz 25.06.2013,,,,25.06.2013
Markus Lanz 26.06.2013,,,,26.06.2013
Markus Lanz 27.06.2013,,,,27.06.2013
Markus Lanz 02.07.2013,,,,02.07.2013
Markus Lanz 03.07.2013,,,,03.07.2013
Markus Lanz 04.07.2013,,,,04.07.2013
Markus Lanz 09.07.2013,,,,09.07.2013
Markus Lanz 10.07.2013,,,,10.07.2013
Markus Lanz 11.07.2013,,,,11.07.2013
Markus Lanz 16.07.2013,6.0,78.0,508.0,16.07.2013
Markus Lanz 17.07.2013,6.0,79.0,509.0,17.07.2013
Markus Lanz 18.07.2013,,,,18.07.2013
Markus Lanz 23.07.2013,6.0,81.0,511.0,23.07.2013
Markus Lanz 24.07.2013,6.0,82.0,512.0,24.07.2013
Markus Lanz 25.07.2013,6.0,83.0,513.0,25.07.2013
Markus Lanz 30.07.2013,6.0,84.0,514.0,30.07.2013
Markus Lanz 31.07.2013,,,,31.07.2013
Markus Lanz 10.09.2013,6.0,86.0,516.0,10.09.2013
Markus Lanz 11.09.2013,,,,11.09.2013
Markus Lanz 12.09.2013,,,,12.09.2013
Markus Lanz 17.09.2013,,,,17.09.2013
Markus Lanz 18.09.2013,,,,18.09.2013
Markus Lanz 19.09.2013,,,,19.09.2013
Markus Lanz 24.09.2013,6.0,92.0,522.0,24.09.2013
Markus Lanz 25.09.2013,6.0,93.0,523.0,25.09.2013
Markus Lanz 26.09.2013,6.0,94.0,524.0,26.09.2013
Markus Lanz 01.10.2013,6.0,95.0,525.0,01.10.2013
Markus Lanz 02.10.2013,,,,02.10.2013
Markus Lanz 08.10.2013,6.0,97.0,527.0,08.10.2013
Markus Lanz 10.10.2013,,,,10.10.2013
Markus Lanz 16.10.2013,6.0,100.0,530.0,16.10.2013
Markus Lanz 17.10.2013,,,,17.10.2013
Markus Lanz 22.10.2013,6.0,102.0,532.0,22.10.2013
Markus Lanz 23.10.2013,6.0,103.0,533.0,23.10.2013
Markus Lanz 24.10.2013,,,,24.10.2013
Markus Lanz 29.10.2013,6.0,105.0,535.0,29.10.2013
Markus Lanz 30.10.2013,6.0,106.0,536.0,30.10.2013
Markus Lanz 31.10.2013,,,,31.10.2013
Markus Lanz 05.11.2013,6.0,108.0,538.0,05.11.2013
Markus Lanz 06.11.2013,6.0,109.0,539.0,06.11.2013
Markus Lanz 07.11.2013,6.0,110.0,540.0,07.11.2013
Markus Lanz 12.11.2013,6.0,111.0,541.0,12.11.2013
Markus Lanz 13.11.2013,6.0,112.0,542.0,13.11.2013
Markus Lanz 14.11.2013,6.0,116.0,546.0,14.11.2013
Markus Lanz 19.11.2013,6.0,114.0,544.0,19.11.2013
Markus Lanz 20.11.2013,6.0,115.0,545.0,20.11.2013
Markus Lanz 21.11.2013,6.0,115.0,545.0,21.11.2013
Markus Lanz 26.11.2013,6.0,117.0,547.0,26.11.2013
Markus Lanz 27.11.2013,6.0,118.0,548.0,27.11.2013
Markus Lanz 28.11.2013,,,,28.11.2013
Markus Lanz 03.12.2013,6.0,119.0,549.0,03.12.2013
Markus Lanz 04.12.2013,6.0,120.0,550.0,04.12.2013
Markus Lanz 05.12.2013,,,,05.12.2013
Markus Lanz 10.12.2013,6.0,122.0,552.0,10.12.2013
Markus Lanz 11.12.2013,6.0,123.0,553.0,11.12.2013
Markus Lanz 12.12.2013,,,,12.12.2013
Markus Lanz 17.12.2013,6.0,125.0,555.0,17.12.2013
Markus Lanz 18.12.2013,6.0,126.0,556.0,18.12.2013
Markus Lanz 19.12.2013,6.0,127.0,557.0,19.12.2013
Markus Lanz 14.01.2014,7.0,1.0,558.0,14.01.2014
Markus Lanz 15.01.2014,7.0,2.0,559.0,15.01.2014
Markus Lanz 16.01.2014,,,,16.01.2014
Markus Lanz 21.01.2014,7.0,4.0,561.0,21.01.2014
Markus Lanz 22.01.2014,7.0,5.0,562.0,22.01.2014
Markus Lanz 23.01.2014,,,,23.01.2014
Markus Lanz 28.01.2014,7.0,7.0,564.0,28.01.2014
Markus Lanz 29.01.2014,7.0,8.0,565.0,29.01.2014
Markus Lanz 30.01.2014,,,,30.01.2014
Markus Lanz 04.02.2014,7.0,10.0,567.0,04.02.2014
Markus Lanz 05.02.2014,7.0,11.0,568.0,05.02.2014
Markus Lanz 06.02.2014,,,,06.02.2014
Markus Lanz 11.02.2014,7.0,13.0,570.0,11.02.2014
Markus Lanz 12.02.2014,7.0,14.0,571.0,12.02.2014
Markus Lanz 13.02.2014,,,,13.02.2014
Markus Lanz 18.02.2014,7.0,16.0,573.0,18.02.2014
Markus Lanz 19.02.2014,7.0,17.0,574.0,19.02.2014
Markus Lanz 20.02.2014,,,,20.02.2014
Markus Lanz 25.02.2014,7.0,19.0,576.0,25.02.2014
Markus Lanz 26.02.2014,7.0,20.0,577.0,26.02.2014
Markus Lanz 27.02.2014,,,,27.02.2014
Markus Lanz 04.03.2014,7.0,22.0,579.0,04.03.2014
Markus Lanz 05.03.2014,7.0,23.0,580.0,05.03.2014
Markus Lanz 06.03.2014,,,,06.03.2014
Markus Lanz 11.03.2014,,,,11.03.2014
Markus Lanz 12.03.2014,7.0,26.0,583.0,12.03.2014
Markus Lanz 13.03.2014,7.0,27.0,584.0,13.03.2014
Markus Lanz 18.03.2014,,,,18.03.2014
Markus Lanz 19.03.2014,7.0,29.0,586.0,19.03.2014
Markus Lanz 20.03.2014,7.0,30.0,587.0,20.03.2014
Markus Lanz 25.03.2014,7.0,31.0,588.0,25.03.2014
Markus Lanz 26.03.2014,7.0,32.0,589.0,26.03.2014
Markus Lanz 27.03.2014,,,,27.03.2014
Markus Lanz 01.04.2014,7.0,34.0,591.0,01.04.2014
Markus Lanz 02.04.2014,7.0,35.0,592.0,02.04.2014
Markus Lanz 03.04.2014,7.0,36.0,593.0,03.04.2014
Markus Lanz 08.04.2014,7.0,37.0,594.0,08.04.2014
Markus Lanz 09.04.2014,7.0,38.0,595.0,09.04.2014
Markus Lanz 10.04.2014,7.0,39.0,596.0,10.04.2014
Markus Lanz 15.04.2014,7.0,40.0,597.0,15.04.2014
Markus Lanz 16.04.2014,7.0,41.0,598.0,16.04.2014
Markus Lanz 17.04.2014,,,,17.04.2014
Markus Lanz 22.04.2014,7.0,43.0,600.0,22.04.2014
Markus Lanz 23.04.2014,7.0,44.0,601.0,23.04.2014
Markus Lanz 24.04.2014,,,,24.04.2014
Markus Lanz 29.04.2014,7.0,46.0,603.0,29.04.2014
Markus Lanz 30.04.2014,7.0,47.0,604.0,30.04.2014
Markus Lanz 01.05.2014,7.0,48.0,605.0,01.05.2014
Markus Lanz 06.05.2014,7.0,49.0,606.0,06.05.2014
Markus Lanz 07.05.2014,7.0,50.0,607.0,07.05.2014
Markus Lanz 13.05.2014,7.0,51.0,608.0,13.05.2014
Markus Lanz 14.05.2014,7.0,52.0,609.0,14.05.2014
Markus Lanz 15.05.2014,7.0,53.0,610.0,15.05.2014
Markus Lanz 20.05.2014,7.0,54.0,611.0,20.05.2014
Markus Lanz 21.05.2014,7.0,55.0,612.0,21.05.2014
Markus Lanz 22.05.2014,7.0,56.0,613.0,22.05.2014
Markus Lanz 27.05.2014,7.0,57.0,614.0,27.05.2014
Markus Lanz 28.05.2014,7.0,58.0,615.0,28.05.2014
Markus Lanz 29.05.2014,7.0,59.0,616.0,29.05.2014
Markus Lanz 03.06.2014,7.0,60.0,617.0,03.06.2014
Markus Lanz 04.06.2014,7.0,61.0,618.0,04.06.2014
Markus Lanz 05.06.2014,7.0,62.0,619.0,05.06.2014
Markus Lanz 10.06.2014,7.0,63.0,620.0,10.06.2014
Markus Lanz 11.06.2014,7.0,64.0,621.0,11.06.2014
Markus Lanz 18.06.2014,7.0,65.0,622.0,18.06.2014
Markus Lanz 24.06.2014,7.0,66.0,623.0,24.06.2014
Markus Lanz 25.06.2014,7.0,67.0,624.0,25.06.2014
Markus Lanz 26.06.2014,7.0,68.0,625.0,26.06.2014
Markus Lanz 01.07.2014,7.0,69.0,626.0,01.07.2014
Markus Lanz 02.07.2014,7.0,70.0,627.0,02.07.2014
Markus Lanz 03.07.2014,7.0,71.0,628.0,03.07.2014
Markus Lanz 08.07.2014,7.0,72.0,629.0,08.07.2014
Markus Lanz 09.07.2014,7.0,73.0,630.0,09.07.2014
Markus Lanz 10.07.2014,7.0,74.0,631.0,10.07.2014
Markus Lanz 15.07.2014,7.0,75.0,632.0,15.07.2014
Markus Lanz 16.07.2014,7.0,76.0,633.0,16.07.2014
Markus Lanz 17.07.2014,7.0,77.0,634.0,17.07.2014
Markus Lanz 22.07.2014,7.0,78.0,635.0,22.07.2014
Markus Lanz 23.07.2014,7.0,79.0,636.0,23.07.2014
Markus Lanz 24.07.2014,7.0,80.0,637.0,24.07.2014
Markus Lanz 26.08.2014,7.0,81.0,638.0,26.08.2014
Markus Lanz 27.08.2014,7.0,82.0,639.0,27.08.2014
Markus Lanz 28.08.2014,7.0,83.0,640.0,28.08.2014
Markus Lanz 02.09.2014,7.0,84.0,641.0,02.09.2014
Markus Lanz 03.09.2014,7.0,85.0,642.0,03.09.2014
Markus Lanz 04.09.2014,7.0,86.0,643.0,04.09.2014
Markus Lanz 09.09.2014,7.0,87.0,644.0,09.09.2014
Markus Lanz 10.09.2014,7.0,88.0,645.0,10.09.2014
Markus Lanz 11.09.2014,7.0,89.0,646.0,11.09.2014
Markus Lanz 16.09.2014,7.0,90.0,647.0,16.09.2014
Markus Lanz 17.09.2014,7.0,91.0,648.0,17.09.2014
Markus Lanz 18.09.2014,7.0,92.0,649.0,18.09.2014
Markus Lanz 23.09.2014,7.0,93.0,650.0,23.09.2014
Markus Lanz 24.09.2014,7.0,94.0,651.0,24.09.2014
Markus Lanz 25.09.2014,7.0,95.0,652.0,25.09.2014
Markus Lanz 30.09.2014,7.0,96.0,653.0,30.09.2014
Markus Lanz 01.10.2014,7.0,97.0,654.0,01.10.2014
Markus Lanz 02.10.2014,7.0,98.0,655.0,02.10.2014
Markus Lanz 07.10.2014,7.0,99.0,656.0,07.10.2014
Markus Lanz 08.10.2014,7.0,100.0,657.0,08.10.2014
Markus Lanz 09.10.2014,7.0,101.0,658.0,09.10.2014
Markus Lanz 14.10.2014,7.0,102.0,659.0,14.10.2014
Markus Lanz 15.10.2014,7.0,103.0,660.0,15.10.2014
Markus Lanz 16.10.2014,7.0,104.0,661.0,16.10.2014
Markus Lanz 21.10.2014,7.0,105.0,662.0,21.10.2014
Markus Lanz 22.10.2014,7.0,106.0,663.0,22.10.2014
Markus Lanz 23.10.2014,,,,23.10.2014
Markus Lanz 28.10.2014,7.0,108.0,665.0,28.10.2014
Markus Lanz 29.10.2014,7.0,109.0,666.0,29.10.2014
Markus Lanz 30.10.2014,7.0,110.0,667.0,30.10.2014
Markus Lanz 04.11.2014,7.0,111.0,668.0,04.11.2014
Markus Lanz 06.11.2014,7.0,112.0,669.0,06.11.2014
Markus Lanz 11.11.2014,7.0,113.0,670.0,11.11.2014
Markus Lanz 12.11.2014,7.0,114.0,671.0,12.11.2014
Markus Lanz 13.11.2014,7.0,115.0,672.0,13.11.2014
Markus Lanz 18.11.2014,7.0,116.0,673.0,18.11.2014
Markus Lanz 19.11.2014,7.0,117.0,674.0,19.11.2014
Markus Lanz 20.11.2014,7.0,118.0,675.0,20.11.2014
Markus Lanz 25.11.2014,7.0,119.0,676.0,25.11.2014
Markus Lanz 26.11.2014,7.0,120.0,677.0,26.11.2014
Markus Lanz 27.11.2014,7.0,121.0,678.0,27.11.2014
Markus Lanz 02.12.2014,7.0,122.0,679.0,02.12.2014
Markus Lanz 03.12.2014,7.0,123.0,680.0,03.12.2014
Markus Lanz 04.12.2014,7.0,124.0,681.0,04.12.2014
Markus Lanz 09.12.2014,7.0,125.0,682.0,09.12.2014
Markus Lanz 11.12.2014,7.0,126.0,683.0,11.12.2014
Markus Lanz 16.12.2014,7.0,127.0,684.0,16.12.2014
Markus Lanz 17.12.2014,7.0,128.0,685.0,17.12.2014
Markus Lanz 18.12.2014,7.0,129.0,686.0,18.12.2014
Markus Lanz 13.01.2015,8.0,1.0,687.0,13.01.2015
Markus Lanz 14.01.2015,8.0,2.0,688.0,14.01.2015
Markus Lanz 15.01.2015,8.0,3.0,689.0,15.01.2015
Markus Lanz 20.01.2015,8.0,4.0,690.0,20.01.2015
Markus Lanz 21.01.2015,8.0,5.0,691.0,21.01.2015
Markus Lanz 22.01.2015,8.0,6.0,692.0,22.01.2015
Markus Lanz 27.01.2015,8.0,7.0,693.0,27.01.2015
Markus Lanz 28.01.2015,8.0,8.0,694.0,28.01.2015
Markus Lanz 29.01.2015,8.0,9.0,695.0,29.01.2015
Markus Lanz 04.02.2015,8.0,10.0,696.0,04.02.2015
Markus Lanz 05.02.2015,8.0,11.0,697.0,05.02.2015
Markus Lanz 10.02.2015,8.0,12.0,698.0,10.02.2015
Markus Lanz 11.02.2015,8.0,13.0,699.0,11.02.2015
Markus Lanz 12.02.2015,8.0,14.0,700.0,12.02.2015
Markus Lanz 17.02.2015,8.0,15.0,701.0,17.02.2015
Markus Lanz 18.02.2015,8.0,16.0,702.0,18.02.2015
Markus Lanz 19.02.2015,8.0,17.0,703.0,19.02.2015
Markus Lanz 24.02.2015,8.0,18.0,704.0,24.02.2015
Markus Lanz 25.02.2015,8.0,19.0,705.0,25.02.2015
Markus Lanz 26.02.2015,8.0,20.0,706.0,26.02.2015
Markus Lanz 03.03.2015,8.0,21.0,707.0,03.03.2015
Markus Lanz 04.03.2015,8.0,22.0,708.0,04.03.2015
Markus Lanz 05.03.2015,8.0,23.0,709.0,05.03.2015
Markus Lanz 10.03.2015,8.0,24.0,710.0,10.03.2015
Markus Lanz 11.03.2015,8.0,25.0,711.0,11.03.2015
Markus Lanz 12.03.2015,8.0,26.0,712.0,12.03.2015
Markus Lanz 17.03.2015,8.0,27.0,713.0,17.03.2015
Markus Lanz 18.03.2015,8.0,28.0,714.0,18.03.2015
Markus Lanz 19.03.2015,8.0,29.0,715.0,19.03.2015
Markus Lanz 24.03.2015,8.0,30.0,716.0,24.03.2015
Markus Lanz 25.03.2015,8.0,31.0,717.0,25.03.2015
Markus Lanz 26.03.2015,8.0,32.0,718.0,26.03.2015
Markus Lanz 31.03.2015,8.0,33.0,719.0,31.03.2015
Markus Lanz 01.04.2015,8.0,34.0,720.0,01.04.2015
Markus Lanz 02.04.2015,8.0,35.0,721.0,02.04.2015
Markus Lanz 07.04.2015,8.0,36.0,722.0,07.04.2015
Markus Lanz 08.04.2015,8.0,37.0,723.0,08.04.2015
Markus Lanz 09.04.2015,8.0,38.0,724.0,09.04.2015
Markus Lanz 14.04.2015,8.0,39.0,725.0,14.04.2015
Markus Lanz 15.04.2015,8.0,40.0,726.0,15.04.2015
Markus Lanz 16.04.2015,8.0,41.0,727.0,16.04.2015
Markus Lanz 21.04.2015,8.0,42.0,728.0,21.04.2015
Markus Lanz 22.04.2015,8.0,43.0,729.0,22.04.2015
Markus Lanz 23.04.2015,8.0,44.0,730.0,23.04.2015
Markus Lanz 29.04.2015,8.0,45.0,731.0,29.04.2015
Markus Lanz 30.04.2015,8.0,46.0,732.0,30.04.2015
Markus Lanz 05.05.2015,8.0,47.0,733.0,05.05.2015
Markus Lanz 07.05.2015,8.0,48.0,734.0,07.05.2015
Markus Lanz 12.05.2015,8.0,49.0,735.0,12.05.2015
Markus Lanz 13.05.2015,8.0,50.0,736.0,13.05.2015
Markus Lanz 14.05.2015,8.0,51.0,737.0,14.05.2015
Markus Lanz 19.05.2015,8.0,52.0,738.0,19.05.2015
Markus Lanz 20.05.2015,8.0,53.0,739.0,20.05.2015
Markus Lanz 21.05.2015,8.0,54.0,740.0,21.05.2015
Markus Lanz 26.05.2015,8.0,55.0,741.0,26.05.2015
Markus Lanz 27.05.2015,8.0,56.0,742.0,27.05.2015
Markus Lanz 28.05.2015,8.0,57.0,743.0,28.05.2015
Markus Lanz 02.06.2015,8.0,58.0,744.0,02.06.2015
Markus Lanz 03.06.2015,8.0,59.0,745.0,03.06.2015
Markus Lanz 04.06.2015,8.0,60.0,746.0,04.06.2015
Markus Lanz 09.06.2015,8.0,61.0,747.0,09.06.2015
Markus Lanz 10.06.2015,8.0,62.0,748.0,10.06.2015
Markus Lanz 11.06.2015,8.0,63.0,749.0,11.06.2015
Markus Lanz 17.06.2015,8.0,64.0,750.0,17.06.2015
Markus Lanz 18.06.2015,8.0,65.0,751.0,18.06.2015
Markus Lanz 23.06.2015,8.0,66.0,752.0,23.06.2015
Markus Lanz 24.06.2015,8.0,67.0,753.0,24.06.2015
Markus Lanz 25.06.2015,8.0,68.0,754.0,25.06.2015
Markus Lanz 01.07.2015,8.0,69.0,755.0,01.07.2015
Markus Lanz 02.07.2015,8.0,70.0,756.0,02.07.2015
Markus Lanz 07.07.2015,8.0,71.0,757.0,07.07.2015
Markus Lanz 08.07.2015,8.0,72.0,758.0,08.07.2015
Markus Lanz 09.07.2015,8.0,73.0,759.0,09.07.2015
Markus Lanz 14.07.2015,8.0,74.0,760.0,14.07.2015
Markus Lanz 15.07.2015,8.0,75.0,761.0,15.07.2015
Markus Lanz 16.07.2015,8.0,76.0,762.0,16.07.2015
Markus Lanz 18.08.2015,8.0,77.0,763.0,18.08.2015
Markus Lanz 19.08.2015,8.0,78.0,764.0,19.08.2015
Markus Lanz 20.08.2015,8.0,79.0,765.0,20.08.2015
Markus Lanz 25.08.2015,8.0,80.0,766.0,25.08.2015
Markus Lanz 26.08.2015,,,,26.08.2015
Markus Lanz 27.08.2015,8.0,82.0,768.0,27.08.2015
Markus Lanz 01.09.2015,8.0,83.0,769.0,01.09.2015
Markus Lanz 02.09.2015,8.0,84.0,770.0,02.09.2015
Markus Lanz 03.09.2015,8.0,85.0,771.0,03.09.2015
Markus Lanz 08.09.2015,8.0,86.0,772.0,08.09.2015
Markus Lanz 09.09.2015,8.0,87.0,773.0,09.09.2015
Markus Lanz 10.09.2015,8.0,88.0,774.0,10.09.2015
Markus Lanz 15.09.2015,8.0,89.0,775.0,15.09.2015
Markus Lanz 16.09.2015,8.0,90.0,776.0,16.09.2015
Markus Lanz 17.09.2015,8.0,91.0,777.0,17.09.2015
Markus Lanz 22.09.2015,8.0,92.0,778.0,22.09.2015
Markus Lanz 23.09.2015,8.0,93.0,779.0,23.09.2015
Markus Lanz 24.09.2015,8.0,94.0,780.0,24.09.2015
Markus Lanz Wieder vereint!,8.0,95.0,781.0,29.09.2015
Markus Lanz 30.09.2015,8.0,96.0,782.0,30.09.2015
Markus Lanz 01.10.2015,8.0,97.0,783.0,01.10.2015
Markus Lanz 06.10.2015,8.0,98.0,784.0,06.10.2015
Markus Lanz 07.10.2015,8.0,99.0,785.0,07.10.2015
Markus Lanz 08.10.2015,8.0,100.0,786.0,08.10.2015
Markus Lanz 13.10.2015,8.0,101.0,787.0,13.10.2015
Markus Lanz 14.10.2015,8.0,102.0,788.0,14.10.2015
Markus Lanz 15.10.2015,8.0,103.0,789.0,15.10.2015
Markus Lanz 20.10.2015,8.0,104.0,790.0,20.10.2015
Markus Lanz 21.10.2015,8.0,105.0,791.0,21.10.2015
Markus Lanz 22.10.2015,8.0,106.0,792.0,22.10.2015
Markus Lanz 27.10.2015,8.0,107.0,793.0,27.10.2015
Markus Lanz 28.10.2015,8.0,108.0,794.0,28.10.2015
Markus Lanz 29.10.2015,8.0,109.0,795.0,29.10.2015
Markus Lanz 03.11.2015,8.0,110.0,796.0,03.11.2015
Markus Lanz 04.11.2015,8.0,111.0,797.0,04.11.2015
Markus Lanz 10.11.2015,8.0,112.0,798.0,10.11.2015
Markus Lanz 11.11.2015,8.0,113.0,799.0,11.11.2015
Markus Lanz 12.11.2015,8.0,114.0,800.0,12.11.2015
Markus Lanz 17.11.2015,8.0,115.0,801.0,17.11.2015
Markus Lanz 18.11.2015,8.0,116.0,802.0,18.11.2015
Markus Lanz 19.11.2015,8.0,117.0,803.0,19.11.2015
Markus Lanz 24.11.2015,8.0,118.0,804.0,24.11.2015
Markus Lanz 25.11.2015,8.0,119.0,805.0,25.11.2015
Markus Lanz 26.11.2015,8.0,120.0,806.0,26.11.2015
Markus Lanz 01.12.2015,8.0,121.0,807.0,01.12.2015
Markus Lanz 03.12.2015,8.0,122.0,808.0,03.12.2015
Markus Lanz 08.12.2015,8.0,123.0,809.0,08.12.2015
Markus Lanz 09.12.2015,8.0,124.0,810.0,09.12.2015
Markus Lanz 10.12.2015,8.0,125.0,811.0,10.12.2015
Markus Lanz 15.12.2015,8.0,126.0,812.0,15.12.2015
Markus Lanz 16.12.2015,8.0,127.0,813.0,16.12.2015
Markus Lanz 12.11.2015,8.0,114.0,800.0,12.11.2015
Markus Lanz 15.12.2015,8.0,126.0,812.0,15.12.2015
Markus Lanz 12.01.2016,9.0,1.0,815.0,12.01.2016
Markus Lanz 13.01.2016,9.0,2.0,816.0,13.01.2016
Markus Lanz 14.01.2016,9.0,3.0,817.0,14.01.2016
Markus Lanz 19.01.2016,9.0,4.0,818.0,19.01.2016
Markus Lanz 20.01.2016,9.0,5.0,819.0,20.01.2016
Markus Lanz 21.01.2016,9.0,6.0,820.0,21.01.2016
Markus Lanz 26.01.2016,9.0,7.0,821.0,26.01.2016
Markus Lanz 27.01.2016,9.0,8.0,822.0,27.01.2016
Markus Lanz 28.01.2016,9.0,9.0,823.0,28.01.2016
Markus Lanz 02.02.2016,9.0,10.0,824.0,02.02.2016
Markus Lanz 03.02.2016,9.0,11.0,825.0,03.02.2016
Markus Lanz 04.02.2016,9.0,12.0,826.0,04.02.2016
Markus Lanz 09.02.2016,9.0,13.0,827.0,09.02.2016
Markus Lanz 10.02.2016,9.0,14.0,828.0,10.02.2016
Markus Lanz 11.02.2016,9.0,15.0,829.0,11.02.2016
Markus Lanz 16.02.2016,9.0,16.0,830.0,16.02.2016
Markus Lanz 17.02.2016,9.0,17.0,831.0,17.02.2016
Markus Lanz 18.02.2016,9.0,18.0,832.0,18.02.2016
Markus Lanz 23.02.2016,9.0,19.0,833.0,23.02.2016
Markus Lanz 24.02.2016,9.0,20.0,834.0,24.02.2016
Markus Lanz 25.02.2016,9.0,21.0,835.0,25.02.2016
Markus Lanz 01.03.2016,9.0,22.0,836.0,01.03.2016
Markus Lanz 02.03.2016,9.0,23.0,837.0,02.03.2016
Markus Lanz 03.03.2016,9.0,24.0,838.0,03.03.2016
Markus Lanz 08.03.2016,9.0,25.0,839.0,08.03.2016
Markus Lanz 09.03.2016,9.0,26.0,840.0,09.03.2016
Markus Lanz 10.03.2016,9.0,27.0,841.0,10.03.2016
Markus Lanz 15.03.2016,9.0,28.0,842.0,15.03.2016
Markus Lanz 16.03.2016,9.0,29.0,843.0,16.03.2016
Markus Lanz 17.03.2016,9.0,30.0,844.0,17.03.2016
Markus Lanz 22.03.2016,9.0,31.0,845.0,22.03.2016
Markus Lanz 23.03.2016,9.0,32.0,846.0,23.03.2016
Markus Lanz 24.03.2016,9.0,33.0,847.0,24.03.2016
Markus Lanz 29.03.2016,9.0,34.0,848.0,29.03.2016
Markus Lanz 30.03.2016,9.0,35.0,849.0,30.03.2016
Markus Lanz 31.03.2016,9.0,36.0,850.0,31.03.2016
Markus Lanz 05.04.2016,9.0,37.0,851.0,05.04.2016
Hans-Dietrich Genscher im GesprÃ¤ch mit Markus Lanz,,,,05.04.2016
Markus Lanz 06.04.2016,9.0,38.0,852.0,06.04.2016
Markus Lanz 07.04.2016,9.0,39.0,853.0,07.04.2016
Markus Lanz 12.04.2016,9.0,40.0,854.0,12.04.2016
Markus Lanz 13.04.2016,9.0,41.0,855.0,13.04.2016
Markus Lanz 14.04.2016,9.0,42.0,856.0,14.04.2016
Markus Lanz 19.04.2016,9.0,43.0,857.0,19.04.2016
Markus Lanz 20.04.2016,9.0,44.0,858.0,20.04.2016
Markus Lanz 21.04.2016,9.0,45.0,859.0,21.04.2016
Markus Lanz 26.04.2016,9.0,46.0,860.0,26.04.2016
Markus Lanz 27.04.2016,9.0,47.0,861.0,27.04.2016
Markus Lanz 28.04.2016,9.0,48.0,862.0,28.04.2016
Markus Lanz 03.05.2016,9.0,49.0,863.0,03.05.2016
Markus Lanz 04.05.2016,9.0,50.0,864.0,04.05.2016
Markus Lanz 05.05.2016,9.0,51.0,865.0,05.05.2016
Markus Lanz 10.05.2016,9.0,52.0,866.0,10.05.2016
Markus Lanz 11.05.2016,9.0,53.0,867.0,11.05.2016
Markus Lanz 12.05.2016,9.0,54.0,868.0,12.05.2016
Markus Lanz 17.05.2016,9.0,55.0,869.0,17.05.2016
Markus Lanz 18.05.2016,9.0,56.0,870.0,18.05.2016
Markus Lanz 19.05.2016,9.0,57.0,871.0,19.05.2016
Markus Lanz 24.05.2016,9.0,58.0,872.0,24.05.2016
Markus Lanz 25.05.2016,9.0,59.0,873.0,25.05.2016
Markus Lanz 26.05.2016,9.0,60.0,874.0,26.05.2016
Markus Lanz 31.05.2016,9.0,61.0,875.0,31.05.2016
Markus Lanz 01.06.2016,9.0,62.0,876.0,01.06.2016
Markus Lanz 02.06.2016,9.0,63.0,877.0,02.06.2016
Markus Lanz 07.06.2016,9.0,64.0,878.0,07.06.2016
Markus Lanz 08.06.2016,9.0,65.0,879.0,08.06.2016
Markus Lanz 09.06.2016,9.0,66.0,880.0,09.06.2016
Markus Lanz 14.06.2016,9.0,67.0,881.0,14.06.2016
Markus Lanz 15.06.2016,9.0,68.0,882.0,15.06.2016
Markus Lanz 16.06.2016,9.0,69.0,883.0,16.06.2016
Markus Lanz 21.06.2016,9.0,70.0,884.0,21.06.2016
Markus Lanz 23.06.2016,9.0,71.0,885.0,23.06.2016
Markus Lanz 28.06.2016,9.0,72.0,886.0,28.06.2016
Markus Lanz 29.06.2016,9.0,73.0,887.0,29.06.2016
Markus Lanz 30.06.2016,9.0,74.0,888.0,30.06.2016
Markus Lanz 05.07.2016,9.0,75.0,889.0,05.07.2016
Markus Lanz 06.07.2016,9.0,76.0,890.0,06.07.2016
Markus Lanz 07.07.2016,9.0,77.0,891.0,07.07.2016
Markus Lanz 12.07.2016,9.0,78.0,892.0,12.07.2016
Markus Lanz 13.07.2016,9.0,79.0,893.0,13.07.2016
Markus Lanz 14.07.2016,9.0,80.0,894.0,14.07.2016
Markus Lanz 19.07.2016,9.0,81.0,895.0,19.07.2016
Markus Lanz 20.07.2016,9.0,82.0,896.0,20.07.2016
Markus Lanz 27.07.2016,9.0,84.0,898.0,27.07.2016
Markus Lanz 23.08.2016,9.0,85.0,899.0,23.08.2016
Markus Lanz 24.08.2016,9.0,86.0,900.0,24.08.2016
Markus Lanz 25.08.2016,9.0,87.0,901.0,25.08.2016
Markus Lanz 30.08.2016,9.0,88.0,902.0,30.08.2016
Markus Lanz 31.08.2016,9.0,89.0,903.0,31.08.2016
Markus Lanz 01.09.2016,9.0,90.0,904.0,01.09.2016
Markus Lanz 06.09.2016,9.0,91.0,905.0,06.09.2016
Markus Lanz 08.09.2016,9.0,92.0,906.0,08.09.2016
Markus Lanz 14.09.2016,9.0,93.0,907.0,14.09.2016
Markus Lanz 20.09.2016,9.0,94.0,908.0,20.09.2016
Markus Lanz 21.09.2016,9.0,95.0,909.0,21.09.2016
Markus Lanz 22.09.2016,9.0,96.0,910.0,22.09.2016
Markus Lanz 27.09.2016,9.0,97.0,911.0,27.09.2016
Markus Lanz 28.09.2016,9.0,98.0,912.0,28.09.2016
Markus Lanz 29.09.2016,9.0,99.0,913.0,29.09.2016
Markus Lanz 04.10.2016,9.0,100.0,914.0,04.10.2016
Markus Lanz 05.10.2016,9.0,101.0,915.0,05.10.2016
Markus Lanz 06.10.2016,9.0,102.0,916.0,06.10.2016
Markus Lanz 11.10.2016,9.0,103.0,917.0,11.10.2016
Markus Lanz 12.10.2016,9.0,104.0,918.0,12.10.2016
Markus Lanz 13.10.2016,,,,13.10.2016
Markus Lanz 18.10.2016,9.0,106.0,920.0,18.10.2016
Markus Lanz 19.10.2016,9.0,107.0,921.0,19.10.2016
Markus Lanz 20.10.2016,9.0,108.0,922.0,20.10.2016
Markus Lanz 25.10.2016,9.0,109.0,923.0,25.10.2016
Markus Lanz 26.10.2016,9.0,110.0,924.0,26.10.2016
Markus Lanz - Amerika ungeschminkt,,,,27.10.2016
Markus Lanz 01.11.2016,9.0,111.0,925.0,01.11.2016
Markus Lanz 02.11.2016,9.0,112.0,926.0,02.11.2016
Markus Lanz 03.11.2016,9.0,113.0,927.0,03.11.2016
Markus Lanz 08.11.2016,9.0,114.0,928.0,08.11.2016
Markus Lanz 09.11.2016,9.0,115.0,929.0,09.11.2016
Markus Lanz 10.11.2016,9.0,116.0,930.0,10.11.2016
Markus Lanz 15.11.2016,,,,15.11.2016
Markus Lanz 16.11.2016,9.0,118.0,932.0,16.11.2016
Markus Lanz 17.11.2016,9.0,119.0,933.0,17.11.2016
Markus Lanz 22.11.2016,9.0,120.0,934.0,22.11.2016
Markus Lanz 23.11.2016,9.0,121.0,935.0,23.11.2016
Markus Lanz 24.11.2016,9.0,122.0,936.0,24.11.2016
Markus Lanz 29.11.2016,9.0,123.0,937.0,29.11.2016
Markus Lanz 30.11.2016,9.0,124.0,938.0,30.11.2016
Markus Lanz 01.12.2016,9.0,125.0,939.0,01.12.2016
Markus Lanz 06.12.2016,9.0,126.0,940.0,06.12.2016
Markus Lanz 08.12.2016,,,,08.12.2016
Markus Lanz 13.12.2016,9.0,128.0,942.0,13.12.2016
Markus Lanz 14.12.2016,9.0,129.0,943.0,14.12.2016
Markus Lanz 15.12.2016,9.0,130.0,944.0,15.12.2016
Markus Lanz - Spezial 21.12.2016,,,,21.12.2016
Markus Lanz 10.01.2017,10.0,1.0,945.0,10.01.2017
Markus Lanz 11.01.2017,10.0,2.0,946.0,11.01.2017
Markus Lanz 12.01.2017,10.0,3.0,947.0,12.01.2017
Markus Lanz 17.01.2017,10.0,4.0,948.0,17.01.2017
Markus Lanz 18.01.2017,10.0,5.0,949.0,18.01.2017
Markus Lanz 19.01.2017,10.0,6.0,950.0,19.01.2017
Markus Lanz 24.01.2017,10.0,7.0,951.0,24.01.2017
Markus Lanz 25.01.2017,10.0,8.0,952.0,25.01.2017
Markus Lanz 26.01.2017,10.0,9.0,953.0,26.01.2017
Markus Lanz 31.01.2017,10.0,10.0,954.0,31.01.2017
Markus Lanz 01.02.2017,10.0,11.0,955.0,01.02.2017
Markus Lanz 07.02.2017,10.0,12.0,956.0,07.02.2017
Markus Lanz 08.02.2017,10.0,13.0,957.0,08.02.2017
Markus Lanz 09.02.2017,10.0,14.0,958.0,09.02.2017
Markus Lanz 14.02.2017,10.0,15.0,959.0,14.02.2017
Markus Lanz 15.02.2017,10.0,16.0,960.0,15.02.2017
Markus Lanz 16.02.2017,10.0,17.0,961.0,16.02.2017
Markus Lanz 21.02.2017,10.0,18.0,962.0,21.02.2017
Markus Lanz 22.02.2017,10.0,19.0,963.0,22.02.2017
Markus Lanz 23.02.2017,10.0,20.0,964.0,23.02.2017
Markus Lanz 28.02.2017,10.0,21.0,965.0,28.02.2017
Markus Lanz 01.03.2017,10.0,22.0,966.0,01.03.2017
Markus Lanz 02.03.2017,10.0,23.0,967.0,02.03.2017
Markus Lanz 07.03.2017,10.0,24.0,968.0,07.03.2017
Markus Lanz 08.03.2017,10.0,25.0,969.0,08.03.2017
Markus Lanz 09.03.2017,10.0,26.0,970.0,09.03.2017
Markus Lanz 14.03.2017,10.0,27.0,971.0,14.03.2017
Markus Lanz 15.03.2017,10.0,28.0,972.0,15.03.2017
Markus Lanz 16.03.2017,,,,16.03.2017
Markus Lanz 21.03.2017,10.0,30.0,974.0,21.03.2017
Markus Lanz 22.03.2017,10.0,31.0,975.0,22.03.2017
Markus Lanz 23.03.2017,10.0,32.0,976.0,23.03.2017
Markus Lanz 28.03.2017,10.0,33.0,977.0,28.03.2017
Markus Lanz 29.03.2017,10.0,34.0,978.0,29.03.2017
Markus Lanz 30.03.2017,10.0,35.0,979.0,30.03.2017
Markus Lanz 04.04.2017,10.0,36.0,980.0,04.04.2017
Markus Lanz 05.04.2017,10.0,37.0,981.0,05.04.2017
Markus Lanz 06.04.2017,10.0,38.0,982.0,06.04.2017
Markus Lanz 11.04.2017,10.0,39.0,983.0,11.04.2017
Markus Lanz 12.04.2017,10.0,40.0,984.0,12.04.2017
Markus Lanz 13.04.2017,10.0,41.0,985.0,13.04.2017
Markus Lanz 18.04.2017,10.0,42.0,986.0,18.04.2017
Markus Lanz 19.04.2017,10.0,43.0,987.0,19.04.2017
Markus Lanz 20.04.2017,,,,20.04.2017
Markus Lanz 25.04.2017,10.0,45.0,989.0,25.04.2017
Markus Lanz 26.04.2017,10.0,46.0,990.0,26.04.2017
Markus Lanz 27.04.2017,10.0,47.0,991.0,27.04.2017
Markus Lanz 02.05.2017,10.0,48.0,992.0,02.05.2017
Markus Lanz 03.05.2017,10.0,49.0,993.0,03.05.2017
Markus Lanz 04.05.2017,10.0,50.0,994.0,04.05.2017
Markus Lanz 09.05.2017,10.0,51.0,995.0,09.05.2017
Markus Lanz 10.05.2017,10.0,52.0,996.0,10.05.2017
Markus Lanz 11.05.2017,,,,11.05.2017
Markus Lanz 16.05.2017,10.0,54.0,998.0,16.05.2017
Markus Lanz 17.05.2017,10.0,55.0,999.0,17.05.2017
Markus Lanz 18.05.2017,10.0,56.0,1000.0,18.05.2017
Markus Lanz 23.05.2017,10.0,57.0,1001.0,23.05.2017
Markus Lanz 24.05.2017,10.0,58.0,1002.0,24.05.2017
Markus Lanz 25.05.2017,10.0,59.0,1003.0,25.05.2017
Markus Lanz 30.05.2017,10.0,60.0,1004.0,30.05.2017
Markus Lanz 31.05.2017,10.0,61.0,1005.0,31.05.2017
Markus Lanz 01.06.2017,10.0,62.0,1006.0,01.06.2017
Markus Lanz 06.06.2017,10.0,63.0,1007.0,06.06.2017
Markus Lanz 07.06.2017,10.0,64.0,1008.0,07.06.2017
Markus Lanz 08.06.2017,10.0,65.0,1009.0,08.06.2017
Markus Lanz 13.06.2017,10.0,66.0,1010.0,13.06.2017
Markus Lanz 14.06.2017,,,,14.06.2017
Markus Lanz 15.06.2017,10.0,68.0,1012.0,15.06.2017
Markus Lanz 20.06.2017,10.0,69.0,1013.0,20.06.2017
Markus Lanz 21.06.2017,10.0,70.0,1014.0,21.06.2017
Markus Lanz 22.06.2017,10.0,71.0,1015.0,22.06.2017
Markus Lanz 27.06.2017,10.0,72.0,1016.0,27.06.2017
Markus Lanz 28.06.2017,10.0,73.0,1017.0,28.06.2017
Markus Lanz 29.06.2017,10.0,74.0,1018.0,29.06.2017
Markus Lanz 04.07.2017,10.0,75.0,1019.0,04.07.2017
Markus Lanz 05.07.2017,10.0,76.0,1020.0,05.07.2017
Markus Lanz 06.07.2017,10.0,77.0,1021.0,06.07.2017
Markus Lanz 11.07.2017,10.0,78.0,1022.0,11.07.2017
Markus Lanz 12.07.2017,10.0,79.0,1023.0,12.07.2017
Markus Lanz 13.07.2017,10.0,80.0,1024.0,13.07.2017
Markus Lanz - Kuba!,,,,15.08.2017
Markus Lanz 22.08.2017,10.0,81.0,1025.0,22.08.2017
Markus Lanz 23.08.2017,10.0,82.0,1026.0,23.08.2017
Markus Lanz 24.08.2017,10.0,83.0,1027.0,24.08.2017
Markus Lanz 29.08.2017,10.0,84.0,1028.0,29.08.2017
Markus Lanz 30.08.2017,10.0,85.0,1029.0,30.08.2017
Markus Lanz 31.08.2017,10.0,86.0,1030.0,31.08.2017
Markus Lanz 05.09.2017,10.0,87.0,1031.0,05.09.2017
Markus Lanz 06.09.2017,10.0,88.0,1032.0,06.09.2017
Markus Lanz 07.09.2017,10.0,89.0,1033.0,07.09.2017
Markus Lanz 12.09.2017,10.0,90.0,1034.0,12.09.2017
Markus Lanz 13.09.2017,10.0,91.0,1035.0,13.09.2017
Markus Lanz 14.09.2017,10.0,92.0,1036.0,14.09.2017
Markus Lanz 19.09.2017,10.0,93.0,1037.0,19.09.2017
Markus Lanz 20.09.2017,10.0,94.0,1038.0,20.09.2017
Markus Lanz 21.09.2017,10.0,95.0,1039.0,21.09.2017
Markus Lanz 26.09.2017,10.0,96.0,1040.0,26.09.2017
Markus Lanz 27.09.2017,10.0,97.0,1041.0,27.09.2017
Markus Lanz 28.09.2017,10.0,98.0,1042.0,28.09.2017
Markus Lanz 03.10.2017,10.0,99.0,1043.0,03.10.2017
Markus Lanz 04.10.2017,10.0,100.0,1044.0,04.10.2017
Markus Lanz 10.10.2017,10.0,101.0,1045.0,10.10.2017
Markus Lanz 11.10.2017,10.0,102.0,1046.0,11.10.2017
Markus Lanz 12.10.2017,10.0,103.0,1047.0,12.10.2017
Markus Lanz 17.10.2017,10.0,104.0,1048.0,17.10.2017
Markus Lanz 18.10.2017,10.0,105.0,1049.0,18.10.2017
Markus Lanz 19.10.2017,10.0,106.0,1050.0,19.10.2017
Markus Lanz 24.10.2017,10.0,107.0,1051.0,24.10.2017
Markus Lanz 25.10.2017,10.0,108.0,1052.0,25.10.2017
Markus Lanz 26.10.2017,10.0,109.0,1053.0,26.10.2017
Markus Lanz 01.11.2017,10.0,110.0,1054.0,01.11.2017
Markus Lanz 02.11.2017,10.0,111.0,1055.0,02.11.2017
Markus Lanz 07.11.2017,10.0,112.0,1056.0,07.11.2017
Markus Lanz 08.11.2017,10.0,113.0,1057.0,08.11.2017
Markus Lanz 15.11.2017,10.0,114.0,1058.0,15.11.2017
Markus Lanz 16.11.2017,10.0,115.0,1059.0,16.11.2017
Markus Lanz 21.11.2017,10.0,116.0,1060.0,21.11.2017
Markus Lanz 22.11.2017,10.0,117.0,1061.0,22.11.2017
Markus Lanz 23.11.2017,10.0,118.0,1062.0,23.11.2017
Markus Lanz 28.11.2017,10.0,119.0,1063.0,28.11.2017
Markus Lanz 29.11.2017,10.0,120.0,1064.0,29.11.2017
Markus Lanz 30.11.2017,10.0,121.0,1065.0,30.11.2017
Markus Lanz 05.12.2017,10.0,122.0,1066.0,05.12.2017
Markus Lanz 06.12.2017,10.0,123.0,1067.0,06.12.2017
Markus Lanz 07.12.2017,10.0,124.0,1068.0,07.12.2017
Markus Lanz 12.12.2017,10.0,125.0,1069.0,12.12.2017
Markus Lanz 13.12.2017,10.0,126.0,1070.0,13.12.2017
Markus Lanz 14.12.2017,10.0,127.0,1071.0,14.12.2017
Mit Markus Lanz im Heiligen Land,,,,25.12.2017
Markus Lanz 09.01.2018,11.0,1.0,1072.0,09.01.2018
Markus Lanz 10.01.2018,11.0,2.0,1073.0,10.01.2018
Markus Lanz 11.01.2018,11.0,3.0,1074.0,11.01.2018
Markus Lanz 16.01.2018,11.0,4.0,1075.0,16.01.2018
Markus Lanz 18.01.2018,11.0,5.0,1076.0,18.01.2018
Markus Lanz 23.01.2018,11.0,6.0,1077.0,23.01.2018
Markus Lanz 24.01.2018,11.0,7.0,1078.0,24.01.2018
Markus Lanz 25.01.2018,11.0,8.0,1079.0,25.01.2018
Markus Lanz 30.01.2018,11.0,9.0,1080.0,30.01.2018
Markus Lanz 31.01.2018,11.0,10.0,1081.0,31.01.2018
Markus Lanz 01.02.2018,11.0,11.0,1082.0,01.02.2018
Markus Lanz 06.02.2018,11.0,12.0,1083.0,06.02.2018
Markus Lanz 07.02.2018,11.0,13.0,1084.0,07.02.2018
Markus Lanz 08.02.2018,11.0,14.0,1085.0,08.02.2018
Markus Lanz 13.02.2018,11.0,15.0,1086.0,13.02.2018
Markus Lanz 14.02.2018,11.0,16.0,1087.0,14.02.2018
Markus Lanz 15.02.2018,11.0,17.0,1088.0,15.02.2018
Markus Lanz 20.02.2018,11.0,18.0,1089.0,20.02.2018
Markus Lanz 21.02.2018,11.0,19.0,1090.0,21.02.2018
Markus Lanz 27.02.2018,11.0,20.0,1091.0,27.02.2018
Markus Lanz 28.02.2018,11.0,21.0,1092.0,28.02.2018
Markus Lanz 01.03.2018,11.0,22.0,1093.0,01.03.2018
Markus Lanz 06.03.2018,11.0,23.0,1094.0,06.03.2018
Markus Lanz 07.03.2018,11.0,24.0,1095.0,07.03.2018
Markus Lanz 08.03.2018,11.0,25.0,1096.0,08.03.2018
Markus Lanz 13.03.2018,11.0,26.0,1097.0,13.03.2018
Markus Lanz 14.03.2018,11.0,27.0,1098.0,14.03.2018
Markus Lanz 15.03.2018,11.0,28.0,1099.0,15.03.2018
Markus Lanz 20.03.2018,11.0,29.0,1100.0,20.03.2018
Markus Lanz 21.03.2018,11.0,30.0,1101.0,21.03.2018
Markus Lanz 22.03.2018,11.0,31.0,1102.0,22.03.2018
Markus Lanz 28.03.2018,11.0,32.0,1103.0,28.03.2018
Markus Lanz 29.03.2018,11.0,33.0,1104.0,29.03.2018
Markus Lanz 03.04.2018,11.0,34.0,1105.0,03.04.2018
Markus Lanz 04.04.2018,11.0,35.0,1106.0,04.04.2018
Markus Lanz 05.04.2018,11.0,36.0,1107.0,05.04.2018
Markus Lanz 10.04.2018,11.0,37.0,1108.0,10.04.2018
Markus Lanz 11.04.2018,11.0,38.0,1109.0,11.04.2018
Markus Lanz 12.04.2018,11.0,39.0,1110.0,12.04.2018
Markus Lanz 18.04.2018,11.0,40.0,1111.0,18.04.2018
Markus Lanz 19.04.2018,11.0,41.0,1112.0,19.04.2018
Markus Lanz 24.04.2018,11.0,42.0,1113.0,24.04.2018
Markus Lanz 25.04.2018,11.0,43.0,1114.0,25.04.2018
Markus Lanz 26.04.2018,11.0,44.0,1115.0,26.04.2018
Markus Lanz 01.05.2018,11.0,45.0,1116.0,01.05.2018
Markus Lanz 02.05.2018,11.0,46.0,1117.0,02.05.2018
Markus Lanz 03.05.2018,11.0,47.0,1118.0,03.05.2018
Markus Lanz 08.05.2018,11.0,48.0,1119.0,08.05.2018
Markus Lanz 09.05.2018,11.0,49.0,1120.0,09.05.2018
Markus Lanz 10.05.2018,11.0,50.0,1121.0,10.05.2018
Markus Lanz 15.05.2018,11.0,51.0,1122.0,15.05.2018
Markus Lanz 16.05.2018,11.0,52.0,1123.0,16.05.2018
Markus Lanz 17.05.2018,11.0,53.0,1124.0,17.05.2018
Markus Lanz 22.05.2018,11.0,54.0,1125.0,22.05.2018
Markus Lanz 23.05.2018,11.0,55.0,1126.0,23.05.2018
Markus Lanz 24.05.2018,11.0,56.0,1127.0,24.05.2018
Markus Lanz 29.05.2018,11.0,57.0,1128.0,29.05.2018
Markus Lanz 30.05.2018,11.0,58.0,1129.0,30.05.2018
Markus Lanz 31.05.2018,11.0,59.0,1130.0,31.05.2018
Markus Lanz 05.06.2018,11.0,60.0,1131.0,05.06.2018
Markus Lanz 07.06.2018,11.0,64.0,1135.0,07.06.2018
Markus Lanz 12.06.2018,11.0,62.0,1133.0,12.06.2018
Markus Lanz 13.06.2018,11.0,63.0,1134.0,13.06.2018
Markus Lanz - Russland!,,,,14.06.2018
Markus Lanz 19.06.2018,11.0,65.0,1136.0,19.06.2018
Markus Lanz 20.06.2018,11.0,66.0,1137.0,20.06.2018
Markus Lanz 21.06.2018,11.0,67.0,1138.0,21.06.2018
Markus Lanz 26.06.2018,11.0,68.0,1139.0,26.06.2018
Markus Lanz 27.06.2018,11.0,69.0,1140.0,27.06.2018
Markus Lanz 28.06.2018,11.0,70.0,1141.0,28.06.2018
Markus Lanz 03.07.2018,11.0,71.0,1142.0,03.07.2018
Markus Lanz 04.07.2018,11.0,72.0,1143.0,04.07.2018
Markus Lanz 05.07.2018,11.0,73.0,1144.0,05.07.2018
Markus Lanz 10.07.2018,11.0,74.0,1145.0,10.07.2018
Markus Lanz 11.07.2018,11.0,75.0,1146.0,11.07.2018
Markus Lanz 12.07.2018,11.0,76.0,1147.0,12.07.2018
Markus Lanz 14.08.2018,11.0,77.0,1148.0,14.08.2018
Markus Lanz 15.08.2018,11.0,78.0,1149.0,15.08.2018
Markus Lanz 16.08.2018,11.0,79.0,1150.0,16.08.2018
Markus Lanz 21.08.2018,11.0,80.0,1151.0,21.08.2018
Markus Lanz 22.08.2018,11.0,81.0,1152.0,22.08.2018
Markus Lanz 23.08.2018,,,,23.08.2018
Markus Lanz 28.08.2018,11.0,83.0,1154.0,28.08.2018
Markus Lanz 29.08.2018,11.0,84.0,1155.0,29.08.2018
Markus Lanz 30.08.2018,11.0,85.0,1156.0,30.08.2018
Markus Lanz 04.09.2018,11.0,86.0,1157.0,04.09.2018
Markus Lanz 05.09.2018,11.0,87.0,1158.0,05.09.2018
Markus Lanz 06.09.2018,11.0,88.0,1159.0,06.09.2018
Markus Lanz 11.09.2018,11.0,89.0,1160.0,11.09.2018
Markus Lanz 12.09.2018,11.0,90.0,1161.0,12.09.2018
Markus Lanz 13.09.2018,11.0,91.0,1162.0,13.09.2018
Markus Lanz 18.09.2018,11.0,92.0,1163.0,18.09.2018
Markus Lanz 19.09.2018,11.0,93.0,1164.0,19.09.2018
Markus Lanz 20.09.2018,11.0,94.0,1165.0,20.09.2018
Markus Lanz 25.09.2018,11.0,95.0,1166.0,25.09.2018
Markus Lanz 26.09.2018,11.0,96.0,1167.0,26.09.2018
Markus Lanz 27.09.2018,11.0,97.0,1168.0,27.09.2018
Markus Lanz 02.10.2018,11.0,98.0,1169.0,02.10.2018
Markus Lanz 04.10.2018,11.0,99.0,1170.0,04.10.2018
Markus Lanz 09.10.2018,11.0,100.0,1171.0,09.10.2018
Markus Lanz 10.10.2018,11.0,101.0,1172.0,10.10.2018
Markus Lanz 11.10.2018,11.0,102.0,1173.0,11.10.2018
Markus Lanz 16.10.2018,11.0,103.0,1174.0,16.10.2018
Markus Lanz 17.10.2018,11.0,104.0,1175.0,17.10.2018
Markus Lanz 18.10.2018,11.0,105.0,1176.0,18.10.2018
Markus Lanz 23.10.2018,11.0,106.0,1177.0,23.10.2018
Markus Lanz 24.10.2018,11.0,107.0,1178.0,24.10.2018
Markus Lanz 25.10.2018,11.0,108.0,1179.0,25.10.2018
Markus Lanz 30.10.2018,11.0,109.0,1180.0,30.10.2018
Markus Lanz 31.10.2018,11.0,110.0,1181.0,31.10.2018
Markus Lanz 01.11.2018,11.0,111.0,1182.0,01.11.2018
Markus Lanz 06.11.2018,11.0,112.0,1183.0,06.11.2018
Markus Lanz - Deutschland!,,,,08.11.2018
Markus Lanz 13.11.2018,11.0,113.0,1184.0,13.11.2018
Markus Lanz 14.11.2018,11.0,114.0,1185.0,14.11.2018
Markus Lanz 15.11.2018,11.0,115.0,1186.0,15.11.2018
Markus Lanz 20.11.2018,11.0,116.0,1187.0,20.11.2018
Markus Lanz 21.11.2018,11.0,117.0,1188.0,21.11.2018
Markus Lanz 22.11.2018,11.0,118.0,1189.0,22.11.2018
Markus Lanz 27.11.2018,11.0,119.0,1190.0,27.11.2018
Markus Lanz 28.11.2018,11.0,120.0,1191.0,28.11.2018
Markus Lanz 29.11.2018,11.0,61.0,1132.0,29.11.2018
Markus Lanz 04.12.2018,11.0,121.0,1192.0,04.12.2018
Markus Lanz 05.12.2018,11.0,122.0,1193.0,05.12.2018
Markus Lanz 06.12.2018,11.0,123.0,1194.0,06.12.2018
Markus Lanz 11.12.2018,11.0,124.0,1195.0,11.12.2018
Markus Lanz 12.12.2018,11.0,125.0,1196.0,12.12.2018
Markus Lanz 13.12.2018,11.0,126.0,1197.0,13.12.2018
Markus Lanz 18.12.2018,11.0,127.0,1198.0,18.12.2018
Markus Lanz 19.12.2018,11.0,128.0,1199.0,19.12.2018
Markus Lanz 08.01.2019,12.0,1.0,1200.0,08.01.2019
Markus Lanz 09.01.2019,12.0,2.0,1201.0,09.01.2019
Markus Lanz 10.01.2019,12.0,3.0,1202.0,10.01.2019
Markus Lanz 15.01.2019,12.0,4.0,1203.0,15.01.2019
Markus Lanz 16.01.2019,12.0,5.0,1204.0,16.01.2019
Markus Lanz 17.01.2019,12.0,6.0,1205.0,17.01.2019
Markus Lanz 22.01.2019,12.0,7.0,1206.0,22.01.2019
Markus Lanz 23.01.2019,12.0,8.0,1207.0,23.01.2019
Markus Lanz 24.01.2019,12.0,9.0,1208.0,24.01.2019
Markus Lanz 29.01.2019,12.0,10.0,1209.0,29.01.2019
Markus Lanz 30.01.2019,12.0,11.0,1210.0,30.01.2019
Markus Lanz 31.01.2019,12.0,12.0,1211.0,31.01.2019
Markus Lanz 05.02.2019,12.0,13.0,1212.0,05.02.2019
Markus Lanz 06.02.2019,12.0,14.0,1213.0,06.02.2019
Markus Lanz 07.02.2019,12.0,15.0,1214.0,07.02.2019
Markus Lanz 12.02.2019,12.0,16.0,1215.0,12.02.2019
Markus Lanz 13.02.2019,12.0,17.0,1216.0,13.02.2019
Markus Lanz 14.02.2019,12.0,18.0,1217.0,14.02.2019
Markus Lanz 19.02.2019,12.0,19.0,1218.0,19.02.2019
Markus Lanz 20.02.2019,12.0,20.0,1219.0,20.02.2019
Markus Lanz 21.02.2019,12.0,21.0,1220.0,21.02.2019
Markus Lanz 26.02.2019,12.0,22.0,1221.0,26.02.2019
Markus Lanz 27.02.2019,12.0,23.0,1222.0,27.02.2019
Markus Lanz 28.02.2019,12.0,24.0,1223.0,28.02.2019
Markus Lanz 05.03.2019,12.0,25.0,1224.0,05.03.2019
Markus Lanz 06.03.2019,12.0,26.0,1225.0,06.03.2019
Markus Lanz 07.03.2019,12.0,27.0,1226.0,07.03.2019
Markus Lanz 12.03.2019,12.0,28.0,1227.0,12.03.2019
Markus Lanz 13.03.2019,12.0,29.0,1228.0,13.03.2019
Markus Lanz 14.03.2019,12.0,30.0,1229.0,14.03.2019
Markus Lanz 19.03.2019,12.0,31.0,1230.0,19.03.2019
Markus Lanz 20.03.2019,12.0,32.0,1231.0,20.03.2019
Markus Lanz 21.03.2019,12.0,33.0,1232.0,21.03.2019
Markus Lanz 26.03.2019,12.0,34.0,1233.0,26.03.2019
Markus Lanz 27.03.2019,12.0,35.0,1234.0,27.03.2019
Markus Lanz 28.03.2019,12.0,36.0,1235.0,28.03.2019
Markus Lanz 02.04.2019,12.0,37.0,1236.0,02.04.2019
Markus Lanz 03.04.2019,12.0,38.0,1237.0,03.04.2019
Markus Lanz 04.04.2019,12.0,39.0,1238.0,04.04.2019
Markus Lanz 09.04.2019,12.0,40.0,1239.0,09.04.2019
Markus Lanz 10.04.2019,12.0,41.0,1240.0,10.04.2019
Markus Lanz 11.04.2019,12.0,42.0,1241.0,11.04.2019
Markus Lanz 16.04.2019,12.0,43.0,1242.0,16.04.2019
Markus Lanz 17.04.2019,12.0,44.0,1243.0,17.04.2019
Markus Lanz 18.04.2019,12.0,45.0,1244.0,18.04.2019
Markus Lanz 23.04.2019,12.0,46.0,1245.0,23.04.2019
Markus Lanz 24.04.2019,12.0,47.0,1246.0,24.04.2019
Markus Lanz 25.04.2019,12.0,48.0,1247.0,25.04.2019
Markus Lanz 30.04.2019,12.0,49.0,1248.0,30.04.2019
Markus Lanz 01.05.2019,12.0,50.0,1249.0,01.05.2019
Markus Lanz 02.05.2019,12.0,51.0,1250.0,02.05.2019
Markus Lanz 07.05.2019,12.0,52.0,1251.0,07.05.2019
Markus Lanz 08.05.2019,12.0,53.0,1252.0,08.05.2019
Markus Lanz 09.05.2019,12.0,54.0,1253.0,09.05.2019
Markus Lanz 14.05.2019,12.0,55.0,1254.0,14.05.2019
Markus Lanz 15.05.2019,12.0,56.0,1255.0,15.05.2019
Markus Lanz 16.05.2019,12.0,57.0,1256.0,16.05.2019
Markus Lanz 21.05.2019,12.0,58.0,1257.0,21.05.2019
Markus Lanz 22.05.2019,12.0,59.0,1258.0,22.05.2019
Markus Lanz 23.05.2019,12.0,60.0,1259.0,23.05.2019
Markus Lanz 28.05.2019,12.0,61.0,1260.0,28.05.2019
Markus Lanz 29.05.2019,12.0,62.0,1261.0,29.05.2019
Markus Lanz 30.05.2019,12.0,63.0,1262.0,30.05.2019
Markus Lanz 04.06.2019,12.0,64.0,1263.0,04.06.2019
Markus Lanz 05.06.2019,12.0,65.0,1264.0,05.06.2019
Markus Lanz 06.06.2019,12.0,66.0,1265.0,06.06.2019
Markus Lanz 11.06.2019,12.0,67.0,1266.0,11.06.2019
Markus Lanz 12.06.2019,12.0,68.0,1267.0,12.06.2019
Markus Lanz 13.06.2019,12.0,69.0,1268.0,13.06.2019
Markus Lanz 18.06.2019,12.0,70.0,1269.0,18.06.2019
Markus Lanz 19.06.2019,12.0,71.0,1270.0,19.06.2019
Markus Lanz 20.06.2019,,,,20.06.2019
Markus Lanz 25.06.2019,12.0,73.0,1272.0,25.06.2019
Markus Lanz 26.06.2019,12.0,74.0,1273.0,26.06.2019
Markus Lanz 27.06.2019,12.0,75.0,1274.0,27.06.2019
Markus Lanz 02.07.2019,12.0,76.0,1275.0,02.07.2019
Markus Lanz 03.07.2019,12.0,77.0,1276.0,03.07.2019
Markus Lanz 04.07.2019,12.0,78.0,1277.0,04.07.2019
Markus Lanz 06.08.2019,12.0,79.0,1278.0,06.08.2019
Markus Lanz 07.08.2019,12.0,80.0,1279.0,07.08.2019
Markus Lanz 08.08.2019,12.0,81.0,1280.0,08.08.2019
Markus Lanz 13.08.2019,12.0,82.0,1281.0,13.08.2019
Markus Lanz 14.08.2019,12.0,83.0,1282.0,14.08.2019
Markus Lanz 15.08.2019,12.0,84.0,1283.0,15.08.2019
Markus Lanz 20.08.2019,12.0,85.0,1284.0,20.08.2019
Markus Lanz 21.08.2019,12.0,86.0,1285.0,21.08.2019
Markus Lanz 22.08.2019,12.0,87.0,1286.0,22.08.2019
Markus Lanz 27.08.2019,12.0,88.0,1287.0,27.08.2019
Markus Lanz 28.08.2019,12.0,89.0,1288.0,28.08.2019
Markus Lanz 29.08.2019,12.0,90.0,1289.0,29.08.2019
Markus Lanz 03.09.2019,12.0,91.0,1290.0,03.09.2019
Markus Lanz 04.09.2019,12.0,92.0,1291.0,04.09.2019
Markus Lanz 05.09.2019,12.0,93.0,1292.0,05.09.2019
Markus Lanz 10.09.2019,12.0,94.0,1293.0,10.09.2019
Markus Lanz 11.09.2019,12.0,95.0,1294.0,11.09.2019
Markus Lanz 12.09.2019,12.0,96.0,1295.0,12.09.2019
Markus Lanz 17.09.2019,12.0,97.0,1296.0,17.09.2019
Markus Lanz 18.09.2019,12.0,98.0,1297.0,18.09.2019
Markus Lanz 19.09.2019,12.0,99.0,1298.0,19.09.2019
Markus Lanz 24.09.2019,12.0,100.0,1299.0,24.09.2019
Markus Lanz 25.09.2019,12.0,101.0,1300.0,25.09.2019
Markus Lanz 26.09.2019,12.0,102.0,1301.0,26.09.2019
Markus Lanz 01.10.2019,12.0,103.0,1302.0,01.10.2019
Markus Lanz 02.10.2019,12.0,104.0,1303.0,02.10.2019
Markus Lanz 08.10.2019,12.0,105.0,1304.0,08.10.2019
Markus Lanz 09.10.2019,12.0,106.0,1305.0,09.10.2019
Markus Lanz 10.10.2019,12.0,108.0,1307.0,10.10.2019
Markus Lanz 15.10.2019,12.0,114.0,1313.0,15.10.2019
Markus Lanz 16.10.2019,12.0,109.0,1308.0,16.10.2019
Markus Lanz 22.10.2019,12.0,110.0,1309.0,22.10.2019
Markus Lanz 23.10.2019,12.0,111.0,1310.0,23.10.2019
Markus Lanz 24.10.2019,12.0,107.0,1306.0,24.10.2019
Markus Lanz 29.10.2019,,,,29.10.2019
Markus Lanz 30.10.2019,12.0,112.0,1311.0,30.10.2019
Markus Lanz 31.10.2019,12.0,115.0,1314.0,31.10.2019
Markus Lanz 05.11.2019,12.0,116.0,1315.0,05.11.2019
Markus Lanz 06.11.2019,12.0,117.0,1316.0,06.11.2019
Markus Lanz 07.11.2019,12.0,118.0,1317.0,07.11.2019
Markus Lanz 12.11.2019,12.0,119.0,1318.0,12.11.2019
Markus Lanz 13.11.2019,12.0,120.0,1319.0,13.11.2019
Markus Lanz 14.11.2019,12.0,121.0,1320.0,14.11.2019
Markus Lanz 19.11.2019,12.0,122.0,1321.0,19.11.2019
Markus Lanz 20.11.2019,12.0,123.0,1322.0,20.11.2019
Markus Lanz 21.11.2019,12.0,124.0,1323.0,21.11.2019
Markus Lanz 26.11.2019,,,,26.11.2019
Markus Lanz 27.11.2019,,,,27.11.2019
Markus Lanz 28.11.2019,12.0,127.0,1326.0,28.11.2019
Markus Lanz 03.12.2019,12.0,128.0,1327.0,03.12.2019
Markus Lanz 04.12.2019,12.0,129.0,1328.0,04.12.2019
Markus Lanz 05.12.2019,12.0,130.0,1329.0,05.12.2019
Markus Lanz 10.12.2019,12.0,131.0,1330.0,10.12.2019
Markus Lanz 11.12.2019,12.0,132.0,1331.0,11.12.2019
Markus Lanz 12.12.2019,12.0,133.0,1332.0,12.12.2019
Markus Lanz 17.12.2019,12.0,134.0,1333.0,17.12.2019
Markus Lanz 18.12.2019,12.0,135.0,1334.0,18.12.2019
Markus Lanz 07.01.2020,13.0,1.0,1335.0,07.01.2020
Markus Lanz 08.01.2020,13.0,2.0,1336.0,08.01.2020
Markus Lanz 09.01.2020,13.0,3.0,1337.0,09.01.2020
Markus Lanz 14.01.2020,13.0,4.0,1338.0,14.01.2020
Markus Lanz 15.01.2020,13.0,5.0,1339.0,15.01.2020
Markus Lanz 16.01.2020,,,,16.01.2020
Markus Lanz 21.01.2020,13.0,7.0,1341.0,21.01.2020
Markus Lanz 22.01.2020,13.0,8.0,1342.0,22.01.2020
Markus Lanz 23.01.2020,13.0,9.0,1343.0,23.01.2020
Markus Lanz 28.01.2020,13.0,10.0,1344.0,28.01.2020
Markus Lanz 29.01.2020,13.0,11.0,1345.0,29.01.2020
Markus Lanz 30.01.2020,13.0,12.0,1346.0,30.01.2020
Markus Lanz 04.02.2020,13.0,13.0,1347.0,04.02.2020
Markus Lanz 05.02.2020,13.0,14.0,1348.0,05.02.2020
Markus Lanz 06.02.2020,13.0,15.0,1349.0,06.02.2020
Markus Lanz 11.02.2020,13.0,16.0,1350.0,11.02.2020
Markus Lanz 12.02.2020,13.0,17.0,1351.0,12.02.2020
Markus Lanz 13.02.2020,13.0,18.0,1352.0,13.02.2020
Markus Lanz 18.02.2020,13.0,19.0,1353.0,18.02.2020
Markus Lanz 19.02.2020,13.0,20.0,1354.0,19.02.2020
Markus Lanz 20.02.2020,13.0,21.0,1355.0,20.02.2020
Markus Lanz 25.02.2020,13.0,22.0,1356.0,25.02.2020
Markus Lanz 26.02.2020,13.0,23.0,1357.0,26.02.2020
Markus Lanz 27.02.2020,13.0,24.0,1358.0,27.02.2020
Markus Lanz 03.03.2020,13.0,25.0,1359.0,03.03.2020
Markus Lanz 04.03.2020,13.0,26.0,1360.0,04.03.2020
Markus Lanz 05.03.2020,13.0,27.0,1361.0,05.03.2020
Markus Lanz 10.03.2020,13.0,28.0,1362.0,10.03.2020
Markus Lanz 11.03.2020,13.0,29.0,1363.0,11.03.2020
Markus Lanz 12.03.2020,13.0,30.0,1364.0,12.03.2020
Markus Lanz 17.03.2020,13.0,31.0,1365.0,17.03.2020
Markus Lanz 18.03.2020,13.0,32.0,1366.0,18.03.2020
Markus Lanz 19.03.2020,13.0,33.0,1367.0,19.03.2020
Markus Lanz 24.03.2020,13.0,34.0,1368.0,24.03.2020
Markus Lanz 25.03.2020,13.0,35.0,1369.0,25.03.2020
Markus Lanz 26.03.2020,13.0,36.0,1370.0,26.03.2020
Markus Lanz 31.03.2020,13.0,37.0,1371.0,31.03.2020
Markus Lanz 01.04.2020,13.0,38.0,1372.0,01.04.2020
Markus Lanz 02.04.2020,13.0,39.0,1373.0,02.04.2020
Markus Lanz 07.04.2020,13.0,40.0,1374.0,07.04.2020
Markus Lanz 08.04.2020,13.0,41.0,1375.0,08.04.2020
Markus Lanz 09.04.2020,13.0,42.0,1376.0,09.04.2020
Markus Lanz 14.04.2020,13.0,43.0,1377.0,14.04.2020
Markus Lanz 15.04.2020,13.0,44.0,1378.0,15.04.2020
Markus Lanz 16.04.2020,13.0,45.0,1379.0,16.04.2020
Markus Lanz 21.04.2020,13.0,46.0,1380.0,21.04.2020
Markus Lanz 22.04.2020,13.0,47.0,1381.0,22.04.2020
Markus Lanz 23.04.2020,13.0,48.0,1382.0,23.04.2020
Markus Lanz 28.04.2020,13.0,49.0,1383.0,28.04.2020
Markus Lanz 29.04.2020,13.0,50.0,1384.0,29.04.2020
Markus Lanz 30.04.2020,13.0,51.0,1385.0,30.04.2020
Markus Lanz 05.05.2020,13.0,52.0,1386.0,05.05.2020
Markus Lanz 06.05.2020,13.0,53.0,1387.0,06.05.2020
Markus Lanz 07.05.2020,13.0,54.0,1388.0,07.05.2020
Markus Lanz 12.05.2020,13.0,55.0,1389.0,12.05.2020
Markus Lanz 13.05.2020,13.0,56.0,1390.0,13.05.2020
Markus Lanz 14.05.2020,13.0,57.0,1391.0,14.05.2020
Markus Lanz 19.05.2020,13.0,58.0,1392.0,19.05.2020
Markus Lanz 20.05.2020,13.0,59.0,1393.0,20.05.2020
Markus Lanz 21.05.2020,13.0,60.0,1394.0,21.05.2020
Markus Lanz 26.05.2020,13.0,61.0,1395.0,26.05.2020
Markus Lanz 27.05.2020,13.0,62.0,1396.0,27.05.2020
Markus Lanz 28.05.2020,13.0,63.0,1397.0,28.05.2020
Markus Lanz 02.06.2020,13.0,64.0,1398.0,02.06.2020
Markus Lanz 03.06.2020,13.0,65.0,1399.0,03.06.2020
Markus Lanz 04.06.2020,13.0,66.0,1400.0,04.06.2020
Markus Lanz 09.06.2020,13.0,67.0,1401.0,09.06.2020
Markus Lanz 10.06.2020,13.0,68.0,1402.0,10.06.2020
Markus Lanz 11.06.2020,13.0,69.0,1403.0,11.06.2020
Markus Lanz 16.06.2020,13.0,70.0,1404.0,16.06.2020
Markus Lanz 17.06.2020,13.0,71.0,1405.0,17.06.2020
Markus Lanz 18.06.2020,13.0,72.0,1406.0,18.06.2020
Markus Lanz 23.06.2020,13.0,73.0,1407.0,23.06.2020
Markus Lanz 24.06.2020,13.0,74.0,1408.0,24.06.2020
Markus Lanz 25.06.2020,13.0,75.0,1409.0,25.06.2020
Markus Lanz 30.06.2020,13.0,76.0,1410.0,30.06.2020
Markus Lanz 01.07.2020,13.0,77.0,1411.0,01.07.2020
Markus Lanz 02.07.2020,13.0,78.0,1412.0,02.07.2020
Markus Lanz 07.07.2020,13.0,79.0,1413.0,07.07.2020
Markus Lanz 08.07.2020,13.0,80.0,1414.0,08.07.2020
Markus Lanz 09.07.2020,13.0,81.0,1415.0,09.07.2020
Markus Lanz 11.08.2020,13.0,82.0,1416.0,11.08.2020
Markus Lanz 12.08.2020,13.0,83.0,1417.0,12.08.2020
Markus Lanz 13.08.2020,13.0,84.0,1418.0,13.08.2020
Markus Lanz 18.08.2020,13.0,85.0,1419.0,18.08.2020
Markus Lanz 19.08.2020,13.0,86.0,1420.0,19.08.2020
Markus Lanz 20.08.2020,13.0,87.0,1421.0,20.08.2020
Markus Lanz 25.08.2020,13.0,88.0,1422.0,25.08.2020
Markus Lanz 26.08.2020,13.0,89.0,1423.0,26.08.2020
Markus Lanz 27.08.2020,13.0,90.0,1424.0,27.08.2020
Markus Lanz 01.09.2020,13.0,91.0,1425.0,01.09.2020
Markus Lanz 02.09.2020,13.0,92.0,1426.0,02.09.2020
Markus Lanz 03.09.2020,13.0,93.0,1427.0,03.09.2020
Markus Lanz 08.09.2020,13.0,94.0,1428.0,08.09.2020
Markus Lanz 09.09.2020,13.0,95.0,1429.0,09.09.2020
Markus Lanz 10.09.2020,13.0,96.0,1430.0,10.09.2020
Markus Lanz 15.09.2020,13.0,97.0,1431.0,15.09.2020
Markus Lanz 16.09.2020,13.0,98.0,1432.0,16.09.2020
Markus Lanz 17.09.2020,13.0,99.0,1433.0,17.09.2020
Markus Lanz 22.09.2020,13.0,100.0,1434.0,22.09.2020
Markus Lanz 23.09.2020,13.0,101.0,1435.0,23.09.2020
Markus Lanz 24.09.2020,13.0,102.0,1436.0,24.09.2020
Markus Lanz 29.09.2020,13.0,103.0,1437.0,29.09.2020
Markus Lanz 30.09.2020,13.0,104.0,1438.0,30.09.2020
Markus Lanz 01.10.2020,13.0,105.0,1439.0,01.10.2020
Markus Lanz 06.10.2020,13.0,106.0,1440.0,06.10.2020
Markus Lanz 07.10.2020,13.0,107.0,1441.0,07.10.2020
Markus Lanz 08.10.2020,13.0,108.0,1442.0,08.10.2020
Markus Lanz 13.10.2020,13.0,109.0,1443.0,13.10.2020
Markus Lanz 14.10.2020,13.0,110.0,1444.0,14.10.2020
Markus Lanz 15.10.2020,13.0,111.0,1445.0,15.10.2020
Markus Lanz 20.10.2020,13.0,112.0,1446.0,20.10.2020
Markus Lanz 21.10.2020,13.0,113.0,1447.0,21.10.2020
Markus Lanz 22.10.2020,13.0,114.0,1448.0,22.10.2020
Markus Lanz 27.10.2020,13.0,115.0,1449.0,27.10.2020
Markus Lanz 28.10.2020,13.0,116.0,1450.0,28.10.2020
Markus Lanz 29.10.2020,13.0,117.0,1451.0,29.10.2020
Markus Lanz 03.11.2020,13.0,118.0,1452.0,03.11.2020
Markus Lanz 04.11.2020,13.0,119.0,1453.0,04.11.2020
Markus Lanz 05.11.2020,13.0,120.0,1454.0,05.11.2020
Markus Lanz 10.11.2020,13.0,121.0,1455.0,10.11.2020
Markus Lanz 11.11.2020,13.0,122.0,1456.0,11.11.2020
Markus Lanz 12.11.2020,13.0,123.0,1457.0,12.11.2020
Markus Lanz 17.11.2020,13.0,124.0,1458.0,17.11.2020
Markus Lanz 18.11.2020,13.0,125.0,1459.0,18.11.2020
Markus Lanz 19.11.2020,13.0,126.0,1460.0,19.11.2020
Markus Lanz 24.11.2020,13.0,127.0,1461.0,24.11.2020
Markus Lanz - Das Jahr 2020,,,,25.11.2020
Markus Lanz 26.11.2020,13.0,128.0,1462.0,26.11.2020
Markus Lanz 01.12.2020,13.0,129.0,1463.0,01.12.2020
Markus Lanz 02.12.2020,13.0,130.0,1464.0,02.12.2020
Markus Lanz 03.12.2020,13.0,131.0,1465.0,03.12.2020
Markus Lanz 08.12.2020,13.0,132.0,1466.0,08.12.2020
Markus Lanz 09.12.2020,13.0,133.0,1467.0,09.12.2020
Markus Lanz 10.12.2020,13.0,134.0,1468.0,10.12.2020
Markus Lanz 15.12.2020,13.0,135.0,1469.0,15.12.2020
Markus Lanz 16.12.2020,13.0,136.0,1470.0,16.12.2020
Markus Lanz 17.12.2020,13.0,137.0,1471.0,17.12.2020
Markus Lanz 05.01.2021,14.0,1.0,1472.0,05.01.2021
Markus Lanz 06.01.2021,14.0,2.0,1473.0,06.01.2021
Markus Lanz 07.01.2021,14.0,3.0,1474.0,07.01.2021
Markus Lanz 12.01.2021,14.0,4.0,1475.0,12.01.2021
Markus Lanz 13.01.2021,14.0,5.0,1476.0,13.01.2021
Markus Lanz 14.01.2021,14.0,6.0,1477.0,14.01.2021
Markus Lanz 19.01.2021,14.0,7.0,1478.0,19.01.2021
Markus Lanz 20.01.2021,14.0,8.0,1479.0,20.01.2021
Markus Lanz 21.01.2021,14.0,9.0,1480.0,21.01.2021
Markus Lanz 26.01.2021,14.0,10.0,1481.0,26.01.2021
Markus Lanz 27.01.2021,14.0,11.0,1482.0,27.01.2021
Markus Lanz 28.01.2021,14.0,12.0,1483.0,28.01.2021
Markus Lanz 02.02.2021,14.0,13.0,1484.0,02.02.2021
Markus Lanz 03.02.2021,14.0,14.0,1485.0,03.02.2021
Markus Lanz 04.02.2021,14.0,15.0,1486.0,04.02.2021
Markus Lanz 09.02.2021,14.0,16.0,1487.0,09.02.2021
Markus Lanz 10.02.2021,14.0,17.0,1488.0,10.02.2021
Markus Lanz 11.02.2021,14.0,18.0,1489.0,11.02.2021
Markus Lanz 16.02.2021,14.0,19.0,1490.0,16.02.2021
Markus Lanz 17.02.2021,14.0,20.0,1491.0,17.02.2021
Markus Lanz 18.02.2021,14.0,21.0,1492.0,18.02.2021
Markus Lanz 23.02.2021,14.0,22.0,1493.0,23.02.2021
Markus Lanz 24.02.2021,14.0,23.0,1494.0,24.02.2021
Markus Lanz 25.02.2021,14.0,24.0,1495.0,25.02.2021
Markus Lanz 02.03.2021,14.0,25.0,1496.0,02.03.2021
Markus Lanz 03.03.2021,14.0,26.0,1497.0,03.03.2021
Markus Lanz 04.03.2021,14.0,27.0,1498.0,04.03.2021
Markus Lanz 09.03.2021,14.0,28.0,1499.0,09.03.2021
Markus Lanz 10.03.2021,14.0,29.0,1500.0,10.03.2021
Markus Lanz 16.03.2021,14.0,31.0,1502.0,16.03.2021
Markus Lanz 17.03.2021,14.0,32.0,1503.0,17.03.2021
Markus Lanz 18.03.2021,14.0,33.0,1504.0,18.03.2021
Markus Lanz 23.03.2021,14.0,34.0,1505.0,23.03.2021
Markus Lanz 24.03.2021,14.0,35.0,1506.0,24.03.2021
Markus Lanz 25.03.2021,14.0,36.0,1507.0,25.03.2021
Markus Lanz 30.03.2021,14.0,37.0,1508.0,30.03.2021
Markus Lanz 31.03.2021,14.0,38.0,1509.0,31.03.2021
Markus Lanz 01.04.2021,14.0,39.0,1510.0,01.04.2021
Markus Lanz 06.04.2021,14.0,40.0,1511.0,06.04.2021
Markus Lanz 07.04.2021,14.0,41.0,1512.0,07.04.2021
Markus Lanz 08.04.2021,14.0,42.0,1513.0,08.04.2021
Markus Lanz 13.04.2021,14.0,43.0,1514.0,13.04.2021
Markus Lanz 14.04.2021,14.0,44.0,1515.0,14.04.2021
Markus Lanz 15.04.2021,14.0,45.0,1516.0,15.04.2021
Markus Lanz 20.04.2021,14.0,46.0,1517.0,20.04.2021
Markus Lanz 21.04.2021,14.0,47.0,1518.0,21.04.2021
Markus Lanz 22.04.2021,14.0,48.0,1519.0,22.04.2021
Markus Lanz 27.04.2021,14.0,49.0,1520.0,27.04.2021
Markus Lanz 28.04.2021,14.0,50.0,1521.0,28.04.2021
Markus Lanz 29.04.2021,14.0,51.0,1522.0,29.04.2021
Markus Lanz 04.05.2021,14.0,52.0,1523.0,04.05.2021
Markus Lanz 05.05.2021,14.0,53.0,1524.0,05.05.2021
Markus Lanz 06.05.2021,14.0,54.0,1525.0,06.05.2021
Markus Lanz 11.05.2021,14.0,55.0,1526.0,11.05.2021
Markus Lanz 12.05.2021,14.0,56.0,1527.0,12.05.2021
Markus Lanz 13.05.2021,14.0,57.0,1528.0,13.05.2021
Markus Lanz 18.05.2021,14.0,58.0,1529.0,18.05.2021
Markus Lanz 19.05.2021,14.0,59.0,1530.0,19.05.2021
Markus Lanz 20.05.2021,14.0,60.0,1531.0,20.05.2021
Markus Lanz 25.05.2021,14.0,61.0,1532.0,25.05.2021
Markus Lanz 26.05.2021,14.0,62.0,1533.0,26.05.2021
Markus Lanz 27.05.2021,14.0,63.0,1534.0,27.05.2021
Markus Lanz 01.06.2021,14.0,64.0,1535.0,01.06.2021
Markus Lanz 02.06.2021,14.0,65.0,1536.0,02.06.2021
Markus Lanz 03.06.2021,14.0,66.0,1537.0,03.06.2021
Markus Lanz 08.06.2021,14.0,67.0,1538.0,08.06.2021
Markus Lanz 09.06.2021,14.0,68.0,1539.0,09.06.2021
Markus Lanz 10.06.2021,14.0,69.0,1540.0,10.06.2021
Markus Lanz 15.06.2021,14.0,70.0,1541.0,15.06.2021
Markus Lanz 16.06.2021,14.0,71.0,1542.0,16.06.2021
Markus Lanz 17.06.2021,14.0,72.0,1543.0,17.06.2021
Markus Lanz 22.06.2021,14.0,73.0,1544.0,22.06.2021
Markus Lanz 23.06.2021,14.0,74.0,1545.0,23.06.2021
Markus Lanz 24.06.2021,14.0,75.0,1546.0,24.06.2021
Markus Lanz 29.06.2021,14.0,76.0,1547.0,29.06.2021
Markus Lanz 30.06.2021,14.0,77.0,1548.0,30.06.2021
Markus Lanz 01.07.2021,14.0,78.0,1549.0,01.07.2021
Markus Lanz 06.07.2021,14.0,79.0,1550.0,06.07.2021
Markus Lanz 07.07.2021,14.0,80.0,1551.0,07.07.2021
Markus Lanz 08.07.2021,14.0,81.0,1552.0,08.07.2021
Markus Lanz 13.07.2021,14.0,82.0,1553.0,13.07.2021
Markus Lanz 14.07.2021,14.0,83.0,1554.0,14.07.2021
Markus Lanz 15.07.2021,14.0,84.0,1555.0,15.07.2021
Markus Lanz - Spezial 20.07.2021,14.0,85.0,1556.0,20.07.2021
Markus Lanz 21.07.2021,14.0,86.0,1557.0,21.07.2021
Markus Lanz 22.07.2021,14.0,87.0,1558.0,22.07.2021
Markus Lanz 27.07.2021,14.0,88.0,1559.0,27.07.2021
Markus Lanz 28.07.2021,14.0,89.0,1560.0,28.07.2021
Markus Lanz 29.07.2021,14.0,90.0,1561.0,29.07.2021
Markus Lanz 03.08.2021,14.0,91.0,1562.0,03.08.2021
Markus Lanz 04.08.2021,14.0,92.0,1563.0,04.08.2021
Markus Lanz 05.08.2021,14.0,93.0,1564.0,05.08.2021
Markus Lanz 24.08.2021,14.0,94.0,1565.0,24.08.2021
Markus Lanz 25.08.2021,14.0,95.0,1566.0,25.08.2021
Markus Lanz 26.08.2021,14.0,96.0,1567.0,26.08.2021
Markus Lanz 31.08.2021,14.0,97.0,1568.0,31.08.2021
Markus Lanz 01.09.2021,14.0,98.0,1569.0,01.09.2021
Markus Lanz 02.09.2021,14.0,99.0,1570.0,02.09.2021
Markus Lanz 07.09.2021,14.0,100.0,1571.0,07.09.2021
Markus Lanz 08.09.2021,14.0,101.0,1572.0,08.09.2021
Markus Lanz 09.09.2021,14.0,102.0,1573.0,09.09.2021
Markus Lanz 14.09.2021,14.0,103.0,1574.0,14.09.2021
Markus Lanz 15.09.2021,14.0,104.0,1575.0,15.09.2021
Markus Lanz 16.09.2021,14.0,105.0,1576.0,16.09.2021
Markus Lanz 21.09.2021,14.0,106.0,1577.0,21.09.2021
Markus Lanz 22.09.2021,14.0,107.0,1578.0,22.09.2021
Markus Lanz 23.09.2021,14.0,108.0,1579.0,23.09.2021
Markus Lanz 28.09.2021,14.0,109.0,1580.0,28.09.2021
Markus Lanz 29.09.2021,14.0,110.0,1581.0,29.09.2021
Markus Lanz 30.09.2021,14.0,111.0,1582.0,30.09.2021
Markus Lanz 05.10.2021,14.0,112.0,1583.0,05.10.2021
Markus Lanz 06.10.2021,14.0,113.0,1584.0,06.10.2021
Markus Lanz 07.10.2021,14.0,114.0,1585.0,07.10.2021
Markus Lanz 12.10.2021,14.0,115.0,1586.0,12.10.2021
Markus Lanz 13.10.2021,14.0,116.0,1587.0,13.10.2021
Markus Lanz 14.10.2021,14.0,117.0,1588.0,14.10.2021
Markus Lanz 19.10.2021,14.0,118.0,1589.0,19.10.2021
Markus Lanz 20.10.2021,14.0,119.0,1590.0,20.10.2021
Markus Lanz 21.10.2021,14.0,120.0,1591.0,21.10.2021
Markus Lanz 26.10.2021,14.0,121.0,1592.0,26.10.2021
Markus Lanz 27.10.2021,14.0,122.0,1593.0,27.10.2021
Markus Lanz 28.10.2021,14.0,123.0,1594.0,28.10.2021
Markus Lanz 02.11.2021,14.0,124.0,1595.0,02.11.2021
Markus Lanz 03.11.2021,14.0,125.0,1596.0,03.11.2021
Markus Lanz 04.11.2021,14.0,126.0,1597.0,04.11.2021
Markus Lanz 09.11.2021,14.0,127.0,1598.0,09.11.2021
Markus Lanz 10.11.2021,14.0,128.0,1599.0,10.11.2021
Markus Lanz 11.11.2021,14.0,129.0,1600.0,11.11.2021
Markus Lanz 16.11.2021,14.0,130.0,1601.0,16.11.2021
Markus Lanz 17.11.2021,14.0,131.0,1602.0,17.11.2021
Markus Lanz,14.0,132.0,1603.0,18.11.2021
Markus Lanz 23.11.2021,14.0,133.0,1604.0,23.11.2021
Markus Lanz 24.11.2021,14.0,134.0,1605.0,24.11.2021
Markus Lanz 25.11.2021,14.0,135.0,1606.0,25.11.2021
Markus Lanz 30.11.2021,14.0,136.0,1607.0,30.11.2021
Markus Lanz 01.12.2021,14.0,137.0,1608.0,01.12.2021
Markus Lanz 02.12.2021,14.0,138.0,1609.0,02.12.2021
Markus Lanz 07.12.2021,14.0,139.0,1610.0,07.12.2021
Markus Lanz 08.12.2021,14.0,140.0,1611.0,08.12.2021
Markus Lanz 09.12.2021,14.0,141.0,1612.0,09.12.2021
Markus Lanz 14.12.2021,14.0,142.0,1613.0,14.12.2021
Markus Lanz - Das Jahr 2021,,,,15.12.2021
Markus Lanz 16.12.2021,14.0,143.0,1614.0,16.12.2021
Markus Lanz 04.01.2022,15.0,1.0,1615.0,04.01.2022
Markus Lanz 05.01.2022,15.0,2.0,1616.0,05.01.2022
Markus Lanz 06.01.2022,15.0,3.0,1617.0,06.01.2022
Markus Lanz 11.01.2022,15.0,4.0,1618.0,11.01.2022
Markus Lanz 12.01.2022,15.0,5.0,1619.0,12.01.2022
Markus Lanz 13.01.2022,15.0,6.0,1620.0,13.01.2022
Markus Lanz 18.01.2022,15.0,7.0,1621.0,18.01.2022
Markus Lanz 19.01.2022,15.0,8.0,1622.0,19.01.2022
Markus Lanz 20.01.2022,15.0,9.0,1623.0,20.01.2022
Markus Lanz 25.01.2022,15.0,10.0,1624.0,25.01.2022
Markus Lanz 26.01.2022,15.0,11.0,1625.0,26.01.2022
Markus Lanz 27.01.2022,15.0,12.0,1626.0,27.01.2022
Markus Lanz 01.02.2022,15.0,13.0,1627.0,01.02.2022
Markus Lanz 02.02.2022,15.0,14.0,1628.0,02.02.2022
Markus Lanz 03.02.2022,15.0,15.0,1629.0,03.02.2022
Markus Lanz 08.02.2022,15.0,16.0,1630.0,08.02.2022
Markus Lanz 09.02.2022,15.0,17.0,1631.0,09.02.2022
Markus Lanz 10.02.2022,15.0,18.0,1632.0,10.02.2022
Markus Lanz 15.02.2022,15.0,19.0,1633.0,15.02.2022
Markus Lanz 16.02.2022,15.0,20.0,1634.0,16.02.2022
Markus Lanz 17.02.2022,15.0,21.0,1635.0,17.02.2022
Markus Lanz 22.02.2022,15.0,22.0,1636.0,22.02.2022
Markus Lanz 23.02.2022,15.0,23.0,1637.0,23.02.2022
Markus Lanz 24.02.2022,15.0,24.0,1638.0,24.02.2022
Markus Lanz 25.02.2022,15.0,25.0,1639.0,25.02.2022
Markus Lanz 01.03.2022,15.0,26.0,1640.0,01.03.2022
Markus Lanz 02.03.2022,15.0,27.0,1641.0,02.03.2022
Markus Lanz 03.03.2022,15.0,28.0,1642.0,03.03.2022
Markus Lanz 08.03.2022,15.0,29.0,1643.0,08.03.2022
Markus Lanz 09.03.2022,15.0,30.0,1644.0,09.03.2022
Markus Lanz â Ein Abend fÃ¼r die Ukraine,15.0,31.0,1645.0,10.03.2022
Markus Lanz 15.03.2022,15.0,32.0,1646.0,15.03.2022
Markus Lanz 16.03.2022,15.0,33.0,1647.0,16.03.2022
Markus Lanz 17.03.2022,15.0,34.0,1648.0,17.03.2022
Markus Lanz 22.03.2022,15.0,35.0,1649.0,22.03.2022
Markus Lanz 23.03.2022,15.0,36.0,1650.0,23.03.2022
Markus Lanz 24.03.2022,15.0,37.0,1651.0,24.03.2022
Markus Lanz 29.03.2022,15.0,38.0,1652.0,29.03.2022
Markus Lanz 30.03.2022,15.0,39.0,1653.0,30.03.2022
Markus Lanz 31.03.2022,15.0,40.0,1654.0,31.03.2022
Markus Lanz 05.04.2022,15.0,41.0,1655.0,05.04.2022
Markus Lanz 06.04.2022,15.0,42.0,1656.0,06.04.2022
Markus Lanz 07.04.2022,15.0,43.0,1657.0,07.04.2022
Markus Lanz 12.04.2022,15.0,44.0,1658.0,12.04.2022
Markus Lanz 13.04.2022,15.0,45.0,1659.0,13.04.2022
Markus Lanz 14.04.2022,15.0,46.0,1660.0,14.04.2022
Markus Lanz 19.04.2022,15.0,47.0,1661.0,19.04.2022
Markus Lanz 20.04.2022,15.0,48.0,1662.0,20.04.2022
Markus Lanz 21.04.2022,15.0,49.0,1663.0,21.04.2022
Markus Lanz 26.04.2022,15.0,50.0,1664.0,26.04.2022
Markus Lanz 27.04.2022,15.0,51.0,1665.0,27.04.2022
Markus Lanz 28.04.2022,15.0,52.0,1666.0,28.04.2022
Markus Lanz 03.05.2022,15.0,53.0,1667.0,03.05.2022
Markus Lanz 04.05.2022,15.0,54.0,1668.0,04.05.2022
Markus Lanz 05.05.2022,15.0,55.0,1669.0,05.05.2022
Markus Lanz 10.05.2022,15.0,56.0,1670.0,10.05.2022
Markus Lanz 11.05.2022,15.0,57.0,1671.0,11.05.2022
Markus Lanz 12.05.2022,15.0,58.0,1672.0,12.05.2022
Markus Lanz 17.05.2022,15.0,59.0,1673.0,17.05.2022
Markus Lanz 18.05.2022,15.0,60.0,1674.0,18.05.2022
Markus Lanz 19.05.2022,15.0,61.0,1675.0,19.05.2022
Markus Lanz 24.05.2022,15.0,62.0,1676.0,24.05.2022
Markus Lanz 25.05.2022,15.0,63.0,1677.0,25.05.2022
Markus Lanz 26.05.2022,15.0,64.0,1678.0,26.05.2022
Markus Lanz 31.05.2022,15.0,65.0,1679.0,31.05.2022
Markus Lanz 01.06.2022,15.0,66.0,1680.0,01.06.2022
Markus Lanz 02.06.2022,15.0,67.0,1681.0,02.06.2022
Markus Lanz 07.06.2022,15.0,68.0,1682.0,07.06.2022
Markus Lanz 08.06.2022,15.0,69.0,1683.0,08.06.2022
Markus Lanz 09.06.2022,15.0,70.0,1684.0,09.06.2022
Markus Lanz 14.06.2022,15.0,71.0,1685.0,14.06.2022
Markus Lanz 15.06.2022,15.0,72.0,1686.0,15.06.2022
Markus Lanz 16.06.2022,15.0,73.0,1687.0,16.06.2022
Markus Lanz 21.06.2022,15.0,74.0,1688.0,21.06.2022
Markus Lanz 22.06.2022,15.0,75.0,1689.0,22.06.2022
Markus Lanz 23.06.2022,15.0,76.0,1690.0,23.06.2022
Markus Lanz 28.06.2022,15.0,77.0,1691.0,28.06.2022
Markus Lanz 29.06.2022,15.0,78.0,1692.0,29.06.2022
Markus Lanz 30.06.2022,15.0,79.0,1693.0,30.06.2022
Markus Lanz 05.07.2022,15.0,80.0,1694.0,05.07.2022
Markus Lanz 06.07.2022,15.0,81.0,1695.0,06.07.2022
Markus Lanz 07.07.2022,15.0,82.0,1696.0,07.07.2022
Markus Lanz 12.07.2022,15.0,83.0,1697.0,12.07.2022
Markus Lanz 13.07.2022,15.0,84.0,1698.0,13.07.2022
Markus Lanz 14.07.2022,15.0,85.0,1699.0,14.07.2022
Markus Lanz 16.08.2022,15.0,86.0,1700.0,16.08.2022
Markus Lanz 17.08.2022,15.0,87.0,1701.0,17.08.2022
Markus Lanz 18.08.2022,15.0,88.0,1702.0,18.08.2022
Markus Lanz 23.08.2022,15.0,89.0,1703.0,23.08.2022
Markus Lanz 24.08.2022,15.0,90.0,1704.0,24.08.2022
Markus Lanz 25.08.2022,15.0,91.0,1705.0,25.08.2022
Markus Lanz 30.08.2022,15.0,92.0,1706.0,30.08.2022
Markus Lanz 31.08.2022,15.0,93.0,1707.0,31.08.2022
Markus Lanz 01.09.2022,15.0,94.0,1708.0,01.09.2022
Markus Lanz 06.09.2022,15.0,95.0,1709.0,06.09.2022
Markus Lanz 07.09.2022,15.0,96.0,1710.0,07.09.2022
Markus Lanz 08.09.2022,15.0,97.0,1711.0,08.09.2022
Markus Lanz 13.09.2022,15.0,98.0,1712.0,13.09.2022
Markus Lanz 15.09.2022,15.0,99.0,1713.0,15.09.2022
Markus Lanz 20.09.2022,15.0,100.0,1714.0,20.09.2022
Markus Lanz 21.09.2022,15.0,101.0,1715.0,21.09.2022
Markus Lanz 22.09.2022,15.0,102.0,1716.0,22.09.2022
Markus Lanz 27.09.2022,15.0,103.0,1717.0,27.09.2022
Markus Lanz 28.09.2022,15.0,104.0,1718.0,28.09.2022
Markus Lanz 29.09.2022,15.0,105.0,1719.0,29.09.2022
Markus Lanz 04.10.2022,15.0,106.0,1720.0,04.10.2022
Markus Lanz 05.10.2022,15.0,107.0,1721.0,05.10.2022
Markus Lanz 06.10.2022,15.0,108.0,1722.0,06.10.2022
Markus Lanz 11.10.2022,15.0,109.0,1723.0,11.10.2022
Markus Lanz 12.10.2022,15.0,110.0,1724.0,12.10.2022
Markus Lanz 13.10.2022,15.0,111.0,1725.0,13.10.2022
Markus Lanz 18.10.2022,15.0,112.0,1726.0,18.10.2022
Markus Lanz 19.10.2022,15.0,113.0,1727.0,19.10.2022
Markus Lanz 20.10.2022,15.0,114.0,1728.0,20.10.2022
Markus Lanz 25.10.2022,15.0,115.0,1729.0,25.10.2022
Markus Lanz 01.11.2022,15.0,118.0,1732.0,01.11.2022
Markus Lanz 02.11.2022,15.0,119.0,1733.0,02.11.2022
Markus Lanz 03.11.2022,15.0,120.0,1734.0,03.11.2022
Markus Lanz 08.11.2022,15.0,121.0,1735.0,08.11.2022
Markus Lanz 09.11.2022,15.0,122.0,1736.0,09.11.2022
Markus Lanz 10.11.2022,15.0,123.0,1737.0,10.11.2022
Markus Lanz 15.11.2022,15.0,124.0,1738.0,15.11.2022
Markus Lanz 16.11.2022,15.0,125.0,1739.0,16.11.2022
Markus Lanz 17.11.2022,15.0,126.0,1740.0,17.11.2022
Markus Lanz 22.11.2022,15.0,127.0,1741.0,22.11.2022
Markus Lanz 23.11.2022,15.0,128.0,1742.0,23.11.2022
Markus Lanz 24.11.2022,15.0,129.0,1743.0,24.11.2022
Markus Lanz 29.11.2022,15.0,130.0,1744.0,29.11.2022
Markus Lanz 30.11.2022,15.0,131.0,1745.0,30.11.2022
Markus Lanz 01.12.2022,15.0,132.0,1746.0,01.12.2022
Markus Lanz 06.12.2022,15.0,133.0,1747.0,06.12.2022
Markus Lanz 07.12.2022,15.0,134.0,1748.0,07.12.2022
Markus Lanz 08.12.2022,15.0,135.0,1749.0,08.12.2022
Markus Lanz 13.12.2022,15.0,136.0,1750.0,13.12.2022
Markus Lanz 14.12.2022,15.0,137.0,1751.0,14.12.2022
Markus Lanz - Das Jahr 2022,,,,15.12.2022
Markus Lanz 10.01.2023,16.0,1.0,1752.0,10.01.2023
Markus Lanz 11.01.2023,16.0,2.0,1753.0,11.01.2023
Markus Lanz 12.01.2023,16.0,3.0,1754.0,12.01.2023
Markus Lanz 17.01.2023,16.0,4.0,1755.0,17.01.2023
Markus Lanz 18.01.2023,16.0,5.0,1756.0,18.01.2023
Markus Lanz 19.01.2023,16.0,6.0,1757.0,19.01.2023
Markus Lanz 24.01.2023,16.0,7.0,1758.0,24.01.2023
Markus Lanz 25.01.2023,16.0,8.0,1759.0,25.01.2023
Markus Lanz 26.01.2023,16.0,9.0,1760.0,26.01.2023
Markus Lanz 31.01.2023,16.0,10.0,1761.0,31.01.2023
Markus Lanz 01.02.2023,16.0,11.0,1762.0,01.02.2023
Markus Lanz 02.02.2023,16.0,12.0,1763.0,02.02.2023
Markus Lanz 07.02.2023,16.0,13.0,1764.0,07.02.2023
Markus Lanz 08.02.2023,16.0,14.0,1765.0,08.02.2023
Markus Lanz 09.02.2023,16.0,15.0,1766.0,09.02.2023
Markus Lanz 14.02.2023,16.0,16.0,1767.0,14.02.2023
Markus Lanz 15.02.2023,16.0,17.0,1768.0,15.02.2023
Markus Lanz 16.02.2023,16.0,18.0,1769.0,16.02.2023
Markus Lanz 21.02.2023,16.0,19.0,1770.0,21.02.2023
Markus Lanz 22.02.2023,16.0,20.0,1771.0,22.02.2023
Markus Lanz 23.02.2023,16.0,21.0,1772.0,23.02.2023
Markus Lanz 28.02.2023,16.0,22.0,1773.0,28.02.2023
Markus Lanz 01.03.2023,16.0,23.0,1774.0,01.03.2023
Markus Lanz 02.03.2023,16.0,24.0,1775.0,02.03.2023
Markus Lanz 07.03.2023,16.0,25.0,1776.0,07.03.2023
Markus Lanz 08.03.2023,16.0,26.0,1777.0,08.03.2023
Markus Lanz 09.03.2023,16.0,27.0,1778.0,09.03.2023
Markus Lanz 14.03.2023,16.0,28.0,1779.0,14.03.2023
Markus Lanz 15.03.2023,16.0,29.0,1780.0,15.03.2023
Markus Lanz 16.03.2023,16.0,30.0,1781.0,16.03.2023
Markus Lanz 21.03.2023,16.0,31.0,1782.0,21.03.2023
Markus Lanz 22.03.2023,16.0,32.0,1783.0,22.03.2023
Markus Lanz 23.03.2023,16.0,33.0,1784.0,23.03.2023
Markus Lanz 28.03.2023,16.0,34.0,1785.0,28.03.2023
Markus Lanz 29.03.2023,16.0,35.0,1786.0,29.03.2023
Markus Lanz 30.03.2023,16.0,36.0,1787.0,30.03.2023
Markus Lanz 04.04.2023,16.0,37.0,1788.0,04.04.2023
Markus Lanz 05.04.2023,16.0,38.0,1789.0,05.04.2023
Markus Lanz 06.04.2023,16.0,39.0,1790.0,06.04.2023
Markus Lanz 11.04.2023,16.0,40.0,1791.0,11.04.2023
Markus Lanz 12.04.2023,16.0,41.0,1792.0,12.04.2023
Markus Lanz 13.04.2023,16.0,42.0,1793.0,13.04.2023
Markus Lanz 18.04.2023,16.0,43.0,1794.0,18.04.2023
Markus Lanz 19.04.2023,16.0,44.0,1795.0,19.04.2023
Markus Lanz 20.04.2023,16.0,45.0,1796.0,20.04.2023
Markus Lanz 25.04.2023,16.0,46.0,1797.0,25.04.2023
Markus Lanz 26.04.2023,16.0,47.0,1798.0,26.04.2023
Markus Lanz 27.04.2023,16.0,48.0,1799.0,27.04.2023
Markus Lanz 02.05.2023,16.0,49.0,1800.0,02.05.2023
Markus Lanz 03.05.2023,16.0,50.0,1801.0,03.05.2023
Markus Lanz 04.05.2023,16.0,51.0,1802.0,04.05.2023
Markus Lanz 09.05.2023,16.0,52.0,1803.0,09.05.2023
Markus Lanz 10.05.2023,16.0,53.0,1804.0,10.05.2023
Markus Lanz 11.05.2023,16.0,54.0,1805.0,11.05.2023
Markus Lanz 16.05.2023,16.0,55.0,1806.0,16.05.2023
Markus Lanz 17.05.2023,16.0,56.0,1807.0,17.05.2023
Markus Lanz 18.05.2023,16.0,57.0,1808.0,18.05.2023
Markus Lanz 23.05.2023,16.0,58.0,1809.0,23.05.2023
Markus Lanz 24.05.2023,16.0,59.0,1810.0,24.05.2023
Markus Lanz 25.05.2023,16.0,60.0,1811.0,25.05.2023
Markus Lanz 30.05.2023,16.0,61.0,1812.0,30.05.2023
Markus Lanz 31.05.2023,16.0,62.0,1813.0,31.05.2023
Markus Lanz 01.06.2023,16.0,63.0,1814.0,01.06.2023
Markus Lanz 06.06.2023,16.0,64.0,1815.0,06.06.2023
Markus Lanz 07.06.2023,16.0,65.0,1816.0,07.06.2023
Markus Lanz 08.06.2023,16.0,66.0,1817.0,08.06.2023
Markus Lanz 13.06.2023,16.0,67.0,1818.0,13.06.2023
Markus Lanz 14.06.2023,16.0,68.0,1819.0,14.06.2023
Markus Lanz 15.06.2023,16.0,69.0,1820.0,15.06.2023
Markus Lanz 20.06.2023,16.0,70.0,1821.0,20.06.2023
Markus Lanz 21.06.2023,16.0,71.0,1822.0,21.06.2023
Markus Lanz 22.06.2023,16.0,72.0,1823.0,22.06.2023
Markus Lanz 27.06.2023,16.0,73.0,1824.0,27.06.2023
Markus Lanz 28.06.2023,16.0,74.0,1825.0,28.06.2023
Markus Lanz 29.06.2023,16.0,75.0,1826.0,29.06.2023
Markus Lanz 04.07.2023,16.0,76.0,1827.0,04.07.2023
Markus Lanz 05.07.2023,16.0,77.0,1828.0,05.07.2023
Markus Lanz 06.07.2023,16.0,78.0,1829.0,06.07.2023
Markus Lanz 11.07.2023,16.0,79.0,1830.0,11.07.2023
Markus Lanz 12.07.2023,16.0,80.0,1831.0,12.07.2023
Markus Lanz 13.07.2023,16.0,81.0,1832.0,13.07.2023
Markus Lanz 18.07.2023,16.0,82.0,1833.0,18.07.2023
Markus Lanz 19.07.2023,16.0,83.0,1834.0,19.07.2023
Markus Lanz 20.07.2023,16.0,84.0,1835.0,20.07.2023
Markus Lanz 22.08.2023,16.0,85.0,1836.0,22.08.2023
Markus Lanz 23.08.2023,16.0,86.0,1837.0,23.08.2023
Markus Lanz 24.08.2023,16.0,87.0,1838.0,24.08.2023
Markus Lanz 29.08.2023,16.0,88.0,1839.0,29.08.2023
Markus Lanz 30.08.2023,16.0,89.0,1840.0,30.08.2023
Markus Lanz 31.08.2023,16.0,90.0,1841.0,31.08.2023
Markus Lanz 05.09.2023,16.0,91.0,1842.0,05.09.2023
Markus Lanz 06.09.2023,16.0,92.0,1843.0,06.09.2023
Markus Lanz 07.09.2023,16.0,93.0,1844.0,07.09.2023
Markus Lanz 12.09.2023,16.0,94.0,1845.0,12.09.2023
Markus Lanz 13.09.2023,16.0,95.0,1846.0,13.09.2023
Markus Lanz 14.09.2023,16.0,96.0,1847.0,14.09.2023
Markus Lanz 19.09.2023,16.0,97.0,1848.0,19.09.2023
Markus Lanz 20.09.2023,16.0,98.0,1849.0,20.09.2023
Markus Lanz 21.09.2023,16.0,99.0,1850.0,21.09.2023
Markus Lanz 26.09.2023,16.0,100.0,1851.0,26.09.2023
Markus Lanz 27.09.2023,16.0,101.0,1852.0,27.09.2023
Markus Lanz 28.09.2023,16.0,102.0,1853.0,28.09.2023
Markus Lanz 03.10.2023,16.0,103.0,1854.0,03.10.2023
Markus Lanz 04.10.2023,16.0,104.0,1855.0,04.10.2023
Markus Lanz 05.10.2023,16.0,105.0,1856.0,05.10.2023
Markus Lanz 10.10.2023,16.0,106.0,1857.0,10.10.2023
Markus Lanz 11.10.2023,16.0,107.0,1858.0,11.10.2023
Markus Lanz 12.10.2023,16.0,108.0,1859.0,12.10.2023
Markus Lanz 17.10.2023,16.0,109.0,1860.0,17.10.2023
Markus Lanz 18.10.2023,16.0,110.0,1861.0,18.10.2023
Markus Lanz 19.10.2023,16.0,111.0,1862.0,19.10.2023
Markus Lanz 24.10.2023,16.0,112.0,1863.0,24.10.2023
Markus Lanz 25.10.2023,16.0,113.0,1864.0,25.10.2023
Markus Lanz 26.10.2023,16.0,114.0,1865.0,26.10.2023
Markus Lanz 31.10.2023,16.0,115.0,1866.0,31.10.2023
Markus Lanz 01.11.2023,16.0,116.0,1867.0,01.11.2023
Markus Lanz 02.11.2023,16.0,117.0,1868.0,02.11.2023
Markus Lanz 07.11.2023,16.0,118.0,1869.0,07.11.2023
Markus Lanz 08.11.2023,16.0,119.0,1870.0,08.11.2023
Markus Lanz 09.11.2023,16.0,120.0,1871.0,09.11.2023
Markus Lanz 14.11.2023,16.0,121.0,1872.0,14.11.2023
Markus Lanz 15.11.2023,16.0,122.0,1873.0,15.11.2023
Markus Lanz 16.11.2023,16.0,123.0,1874.0,16.11.2023
Markus Lanz 21.11.2023,16.0,124.0,1875.0,21.11.2023
Markus Lanz 22.11.2023,16.0,125.0,1876.0,22.11.2023
Markus Lanz 23.11.2023,16.0,126.0,1877.0,23.11.2023
Markus Lanz 28.11.2023,16.0,127.0,1878.0,28.11.2023
Markus Lanz 29.11.2023,16.0,128.0,1879.0,29.11.2023
Markus Lanz 30.11.2023,16.0,129.0,1880.0,30.11.2023
Markus Lanz 05.12.2023,16.0,130.0,1881.0,05.12.2023
Markus Lanz 06.12.2023,16.0,131.0,1882.0,06.12.2023
Markus Lanz 07.12.2023,16.0,132.0,1883.0,07.12.2023
Markus Lanz 12.12.2023,16.0,133.0,1884.0,12.12.2023
Markus Lanz - Das Jahr 2023,,,,13.12.2023
Markus Lanz 14.12.2023,16.0,134.0,1885.0,14.12.2023
Markus Lanz 19.12.2023,16.0,135.0,1886.0,19.12.2023
Markus Lanz 20.12.2023,16.0,136.0,1887.0,20.12.2023
Markus Lanz 21.12.2023,16.0,137.0,1888.0,21.12.2023
Markus Lanz 09.01.2024,17.0,1.0,1889.0,09.01.2024
Markus Lanz 10.01.2024,17.0,2.0,1890.0,10.01.2024
Markus Lanz 11.01.2024,17.0,3.0,1891.0,11.01.2024
Markus Lanz 16.01.2024,17.0,4.0,1892.0,16.01.2024
Markus Lanz 17.01.2024,17.0,5.0,1893.0,17.01.2024
Markus Lanz 18.01.2024,17.0,6.0,1894.0,18.01.2024
Markus Lanz 23.01.2024,17.0,7.0,1895.0,23.01.2024
Markus Lanz 24.01.2024,17.0,8.0,1896.0,24.01.2024
Markus Lanz 25.01.2024,17.0,9.0,1897.0,25.01.2024
Markus Lanz 30.01.2024,17.0,10.0,1898.0,30.01.2024
Markus Lanz 31.01.2024,17.0,11.0,1899.0,31.01.2024
Markus Lanz 01.02.2024,17.0,12.0,1900.0,01.02.2024
Markus Lanz 06.02.2024,17.0,13.0,1901.0,06.02.2024
Markus Lanz 07.02.2024,17.0,14.0,1902.0,07.02.2024
Markus Lanz 08.02.2024,17.0,15.0,1903.0,08.02.2024
Markus Lanz 13.02.2024,17.0,16.0,1904.0,13.02.2024
Markus Lanz 14.02.2024,17.0,17.0,1905.0,14.02.2024
Markus Lanz 15.02.2024,17.0,18.0,1906.0,15.02.2024
Markus Lanz 20.02.2024,17.0,19.0,1907.0,20.02.2024
Markus Lanz 21.02.2024,17.0,20.0,1908.0,21.02.2024
Markus Lanz 22.02.2024,17.0,21.0,1909.0,22.02.2024
Markus Lanz 27.02.2024,17.0,22.0,1910.0,27.02.2024
Markus Lanz 28.02.2024,17.0,23.0,1911.0,28.02.2024
Markus Lanz 29.02.2024,17.0,24.0,1912.0,29.02.2024
Markus Lanz 05.03.2024,17.0,25.0,1913.0,05.03.2024
Markus Lanz 06.03.2024,17.0,26.0,1914.0,06.03.2024
Markus Lanz 07.03.2024,17.0,27.0,1915.0,07.03.2024
Markus Lanz 12.03.2024,17.0,28.0,1916.0,12.03.2024
Markus Lanz 13.03.2024,17.0,29.0,1917.0,13.03.2024
Markus Lanz 14.03.2024,17.0,30.0,1918.0,14.03.2024
Markus Lanz 19.03.2024,17.0,31.0,1919.0,19.03.2024
Markus Lanz 20.03.2024,17.0,32.0,1920.0,20.03.2024
Markus Lanz 21.03.2024,17.0,33.0,1921.0,21.03.2024
Markus Lanz 26.03.2024,17.0,34.0,1922.0,26.03.2024
Markus Lanz 27.03.2024,17.0,35.0,1923.0,27.03.2024
Markus Lanz 28.03.2024,17.0,36.0,1924.0,28.03.2024
Markus Lanz 02.04.2024,17.0,37.0,1925.0,02.04.2024
Markus Lanz 03.04.2024,17.0,38.0,1926.0,03.04.2024
Markus Lanz 04.04.2024,17.0,39.0,1927.0,04.04.2024
Markus Lanz 09.04.2024,17.0,40.0,1928.0,09.04.2024
Markus Lanz 10.04.2024,17.0,41.0,1929.0,10.04.2024
Markus Lanz 11.04.2024,17.0,42.0,1930.0,11.04.2024
Markus Lanz 16.04.2024,17.0,43.0,1931.0,16.04.2024
Markus Lanz 17.04.2024,17.0,44.0,1932.0,17.04.2024
Markus Lanz 18.04.2024,17.0,45.0,1933.0,18.04.2024
Markus Lanz 23.04.2024,17.0,46.0,1934.0,23.04.2024
Markus Lanz 24.04.2024,17.0,47.0,1935.0,24.04.2024
Markus Lanz 25.04.2024,17.0,48.0,1936.0,25.04.2024
Markus Lanz 30.04.2024,17.0,49.0,1937.0,30.04.2024
Markus Lanz 01.05.2024,17.0,50.0,1938.0,01.05.2024
Markus Lanz 02.05.2024,17.0,51.0,1939.0,02.05.2024
Markus Lanz 07.05.2024,17.0,52.0,1940.0,07.05.2024
Markus Lanz 08.05.2024,17.0,53.0,1941.0,08.05.2024
Markus Lanz 09.05.2024,17.0,54.0,1942.0,09.05.2024
Markus Lanz 14.05.2024,17.0,55.0,1943.0,14.05.2024
Markus Lanz 15.05.2024,17.0,56.0,1944.0,15.05.2024
Markus Lanz 16.05.2024,17.0,57.0,1945.0,16.05.2024
Markus Lanz 21.05.2024,17.0,58.0,1946.0,21.05.2024
Markus Lanz 22.05.2024,17.0,59.0,1947.0,22.05.2024
Markus Lanz 23.05.2024,17.0,60.0,1948.0,23.05.2024
Markus Lanz 28.05.2024,17.0,61.0,1949.0,28.05.2024
Markus Lanz 29.05.2024,17.0,62.0,1950.0,29.05.2024
Markus Lanz 30.05.2024,17.0,63.0,1951.0,30.05.2024
Markus Lanz 04.06.2024,17.0,64.0,1952.0,04.06.2024
Markus Lanz 05.06.2024,17.0,65.0,1953.0,05.06.2024
Markus Lanz 06.06.2024,17.0,66.0,1954.0,06.06.2024
Markus Lanz 11.06.2024,17.0,67.0,1955.0,11.06.2024
Markus Lanz 12.06.2024,17.0,68.0,1956.0,12.06.2024
Markus Lanz 13.06.2024,17.0,69.0,1957.0,13.06.2024
Markus Lanz 18.06.2024,17.0,70.0,1958.0,18.06.2024
Markus Lanz 19.06.2024,17.0,71.0,1959.0,19.06.2024
Markus Lanz 20.06.2024,17.0,72.0,1960.0,20.06.2024
Markus Lanz 25.06.2024,17.0,73.0,1961.0,25.06.2024
Markus Lanz 26.06.2024,17.0,74.0,1962.0,26.06.2024
Markus Lanz 27.06.2024,17.0,75.0,1963.0,27.06.2024
Markus Lanz 02.07.2024,17.0,76.0,1964.0,02.07.2024
Markus Lanz 03.07.2024,17.0,77.0,1965.0,03.07.2024
Markus Lanz 04.07.2024,17.0,78.0,1966.0,04.07.2024
Markus Lanz 09.07.2024,17.0,79.0,1967.0,09.07.2024
Markus Lanz 10.07.2024,17.0,80.0,1968.0,10.07.2024
Markus Lanz 11.07.2024,17.0,81.0,1969.0,11.07.2024
Markus Lanz 16.07.2024,17.0,82.0,1970.0,16.07.2024
Markus Lanz 17.07.2024,17.0,83.0,1971.0,17.07.2024
Markus Lanz 18.07.2024,17.0,84.0,1972.0,18.07.2024
Markus Lanz 23.07.2024,17.0,85.0,1973.0,23.07.2024
Markus Lanz 24.07.2024,17.0,86.0,1974.0,24.07.2024
Markus Lanz 25.07.2024,17.0,87.0,1975.0,25.07.2024
Markus Lanz 27.08.2024,17.0,88.0,1976.0,27.08.2024
Markus Lanz 28.08.2024,17.0,89.0,1977.0,28.08.2024
Markus Lanz 29.08.2024,17.0,90.0,1978.0,29.08.2024
Markus Lanz 03.09.2024,17.0,91.0,1979.0,03.09.2024
Markus Lanz 04.09.2024,17.0,92.0,1980.0,04.09.2024
Markus Lanz 05.09.2024,17.0,93.0,1981.0,05.09.2024
Markus Lanz 10.09.2024,17.0,94.0,1982.0,10.09.2024
Markus Lanz 11.09.2024,17.0,95.0,1983.0,11.09.2024
Markus Lanz 12.09.2024,17.0,96.0,1984.0,12.09.2024
Markus Lanz 17.09.2024,17.0,97.0,1985.0,17.09.2024
Markus Lanz 18.09.2024,17.0,98.0,1986.0,18.09.2024
Markus Lanz 19.09.2024,17.0,99.0,1987.0,19.09.2024
Markus Lanz 24.09.2024,17.0,100.0,1988.0,24.09.2024
Markus Lanz 25.09.2024,17.0,101.0,1989.0,25.09.2024
Markus Lanz 26.09.2024,17.0,102.0,1990.0,26.09.2024
Markus Lanz 01.10.2024,17.0,103.0,1991.0,01.10.2024
Markus Lanz 02.10.2024,17.0,104.0,1992.0,02.10.2024
Markus Lanz 03.10.2024,17.0,105.0,1993.0,03.10.2024
Markus Lanz 08.10.2024,17.0,106.0,1994.0,08.10.2024
Markus Lanz 09.10.2024,17.0,107.0,1995.0,09.10.2024
Markus Lanz 10.10.2024,17.0,108.0,1996.0,10.10.2024
Markus Lanz 15.10.2024,17.0,109.0,1997.0,15.10.2024
Markus Lanz 16.10.2024,17.0,110.0,1998.0,16.10.2024
Markus Lanz 17.10.2024,17.0,111.0,1999.0,17.10.2024
Markus Lanz 22.10.2024,17.0,112.0,2000.0,22.10.2024
Markus Lanz 23.10.2024,17.0,113.0,2001.0,23.10.2024
Markus Lanz 24.10.2024,17.0,114.0,2002.0,24.10.2024
Markus Lanz 29.10.2024,17.0,115.0,2003.0,29.10.2024
Markus Lanz 30.10.2024,17.0,116.0,2004.0,30.10.2024
Markus Lanz 31.10.2024,17.0,117.0,2005.0,31.10.2024
Markus Lanz 05.11.2024,17.0,118.0,2006.0,05.11.2024
Markus Lanz 06.11.2024,17.0,119.0,2007.0,06.11.2024
Markus Lanz 07.11.2024,17.0,120.0,2008.0,07.11.2024
Markus Lanz 12.11.2024,17.0,121.0,2009.0,12.11.2024
Markus Lanz 13.11.2024,17.0,122.0,2010.0,13.11.2024
Markus Lanz 14.11.2024,17.0,123.0,2011.0,14.11.2024
Markus Lanz 19.11.2024,17.0,124.0,2012.0,19.11.2024
Markus Lanz 20.11.2024,17.0,125.0,2013.0,20.11.2024
Markus Lanz 21.11.2024,17.0,126.0,2014.0,21.11.2024
Markus Lanz 26.11.2024,17.0,127.0,2015.0,26.11.2024
Markus Lanz 27.11.2024,17.0,128.0,2016.0,27.11.2024
Markus Lanz 28.11.2024,17.0,129.0,2017.0,28.11.2024
Markus Lanz 03.12.2024,17.0,130.0,2018.0,03.12.2024
Markus Lanz 04.12.2024,17.0,131.0,2019.0,04.12.2024
Markus Lanz 05.12.2024,17.0,132.0,2020.0,05.12.2024
Markus Lanz 10.12.2024,17.0,133.0,2021.0,10.12.2024
Markus Lanz 11.12.2024,17.0,134.0,2022.0,11.12.2024
Markus Lanz 12.12.2024,17.0,135.0,2023.0,12.12.2024
Markus Lanz 17.12.2024,17.0,136.0,2024.0,17.12.2024
Markus Lanz 18.12.2024,17.0,137.0,2025.0,18.12.2024
Markus Lanz - Das Jahr 2024,,,,19.12.2024
