Sendungstitel,Staffel,Folge,FolgenNr,Datum,RawDate
Markus Lanz 16.12.2015,8.0,127.0,813.0,16.12.2015,
Markus Lanz 15.12.2015,8.0,126.0,812.0,15.12.2015,
Markus Lanz 10.12.2015,8.0,125.0,811.0,10.12.2015,
Markus Lanz 09.12.2015,8.0,124.0,810.0,09.12.2015,
Markus Lanz 08.12.2015,8.0,123.0,809.0,08.12.2015,
Markus Lanz 03.12.2015,8.0,122.0,808.0,03.12.2015,
Markus Lanz 01.12.2015,8.0,121.0,807.0,01.12.2015,
Markus Lanz 26.11.2015,8.0,120.0,806.0,26.11.2015,
Markus Lanz 25.11.2015,8.0,119.0,805.0,25.11.2015,
Markus Lanz 24.11.2015,8.0,118.0,804.0,24.11.2015,
Markus Lanz 19.11.2015,8.0,117.0,803.0,19.11.2015,
Markus Lanz 18.11.2015,8.0,116.0,802.0,18.11.2015,
Markus Lanz 17.11.2015,8.0,115.0,801.0,17.11.2015,
Markus Lanz 12.11.2015,8.0,114.0,800.0,12.11.2015,
Markus Lanz 11.11.2015,8.0,113.0,799.0,11.11.2015,
Markus Lanz 10.11.2015,8.0,112.0,798.0,10.11.2015,
Markus Lanz 04.11.2015,8.0,111.0,797.0,04.11.2015,
Markus Lanz 03.11.2015,8.0,110.0,796.0,03.11.2015,
Markus Lanz 29.10.2015,8.0,109.0,795.0,29.10.2015,
Markus Lanz 28.10.2015,8.0,108.0,794.0,28.10.2015,
Markus Lanz 27.10.2015,8.0,107.0,793.0,27.10.2015,
Markus Lanz 22.10.2015,8.0,106.0,792.0,22.10.2015,
Markus Lanz 21.10.2015,8.0,105.0,791.0,21.10.2015,
Markus Lanz 20.10.2015,8.0,104.0,790.0,20.10.2015,
Markus Lanz 15.10.2015,8.0,103.0,789.0,15.10.2015,
Markus Lanz 14.10.2015,8.0,102.0,788.0,14.10.2015,
Markus Lanz 13.10.2015,8.0,101.0,787.0,13.10.2015,
Markus Lanz 08.10.2015,8.0,100.0,786.0,08.10.2015,
Markus Lanz 07.10.2015,8.0,99.0,785.0,07.10.2015,
Markus Lanz 06.10.2015,8.0,98.0,784.0,06.10.2015,
Markus Lanz 01.10.2015,8.0,97.0,783.0,01.10.2015,
Markus Lanz 30.09.2015,8.0,96.0,782.0,30.09.2015,
Markus Lanz Wieder vereint!,8.0,95.0,781.0,29.09.2015,
Markus Lanz 24.09.2015,8.0,94.0,780.0,24.09.2015,
Markus Lanz 23.09.2015,8.0,93.0,779.0,23.09.2015,
Markus Lanz 22.09.2015,8.0,92.0,778.0,22.09.2015,
Markus Lanz 17.09.2015,8.0,91.0,777.0,17.09.2015,
Markus Lanz 16.09.2015,8.0,90.0,776.0,16.09.2015,
Markus Lanz 15.09.2015,8.0,89.0,775.0,15.09.2015,
Markus Lanz 10.09.2015,8.0,88.0,774.0,10.09.2015,
Markus Lanz 09.09.2015,8.0,87.0,773.0,09.09.2015,
Markus Lanz 08.09.2015,8.0,86.0,772.0,08.09.2015,
Markus Lanz 03.09.2015,8.0,85.0,771.0,03.09.2015,
Markus Lanz 02.09.2015,8.0,84.0,770.0,02.09.2015,
Markus Lanz 01.09.2015,8.0,83.0,769.0,01.09.2015,
Markus Lanz 27.08.2015,8.0,82.0,768.0,27.08.2015,
Markus Lanz 26.08.2015,,,,26.08.2015,
Markus Lanz 25.08.2015,8.0,80.0,766.0,25.08.2015,
Markus Lanz 20.08.2015,8.0,79.0,765.0,20.08.2015,
Markus Lanz 19.08.2015,8.0,78.0,764.0,19.08.2015,
Markus Lanz 18.08.2015,8.0,77.0,763.0,18.08.2015,
Markus Lanz 16.07.2015,8.0,76.0,762.0,16.07.2015,
Markus Lanz 15.07.2015,8.0,75.0,761.0,15.07.2015,
Markus Lanz 14.07.2015,8.0,74.0,760.0,14.07.2015,
Markus Lanz 09.07.2015,8.0,73.0,759.0,09.07.2015,
Markus Lanz 08.07.2015,8.0,72.0,758.0,08.07.2015,
Markus Lanz 07.07.2015,8.0,71.0,757.0,07.07.2015,
Markus Lanz 02.07.2015,8.0,70.0,756.0,02.07.2015,
Markus Lanz 01.07.2015,8.0,69.0,755.0,01.07.2015,
Markus Lanz 25.06.2015,8.0,68.0,754.0,25.06.2015,
Markus Lanz 24.06.2015,8.0,67.0,753.0,24.06.2015,
Markus Lanz 23.06.2015,8.0,66.0,752.0,23.06.2015,
Markus Lanz 18.06.2015,8.0,65.0,751.0,18.06.2015,
Markus Lanz 17.06.2015,8.0,64.0,750.0,17.06.2015,
Markus Lanz 11.06.2015,8.0,63.0,749.0,11.06.2015,
Markus Lanz 10.06.2015,8.0,62.0,748.0,10.06.2015,
Markus Lanz 09.06.2015,8.0,61.0,747.0,09.06.2015,
Markus Lanz 04.06.2015,8.0,60.0,746.0,04.06.2015,
Markus Lanz 03.06.2015,8.0,59.0,745.0,03.06.2015,
Markus Lanz 02.06.2015,8.0,58.0,744.0,02.06.2015,
Markus Lanz 28.05.2015,8.0,57.0,743.0,28.05.2015,
Markus Lanz 27.05.2015,8.0,56.0,742.0,27.05.2015,
Markus Lanz 26.05.2015,8.0,55.0,741.0,26.05.2015,
Markus Lanz 21.05.2015,8.0,54.0,740.0,21.05.2015,
Markus Lanz 20.05.2015,8.0,53.0,739.0,20.05.2015,
Markus Lanz 19.05.2015,8.0,52.0,738.0,19.05.2015,
Markus Lanz 14.05.2015,8.0,51.0,737.0,14.05.2015,
Markus Lanz 13.05.2015,8.0,50.0,736.0,13.05.2015,
Markus Lanz 12.05.2015,8.0,49.0,735.0,12.05.2015,
Markus Lanz 07.05.2015,8.0,48.0,734.0,07.05.2015,
Markus Lanz 05.05.2015,8.0,47.0,733.0,05.05.2015,
Markus Lanz 30.04.2015,8.0,46.0,732.0,30.04.2015,
Markus Lanz 29.04.2015,8.0,45.0,731.0,29.04.2015,
Markus Lanz 23.04.2015,8.0,44.0,730.0,23.04.2015,
Markus Lanz 22.04.2015,8.0,43.0,729.0,22.04.2015,
Markus Lanz 21.04.2015,8.0,42.0,728.0,21.04.2015,
Markus Lanz 16.04.2015,8.0,41.0,727.0,16.04.2015,
Markus Lanz 15.04.2015,8.0,40.0,726.0,15.04.2015,
Markus Lanz 14.04.2015,8.0,39.0,725.0,14.04.2015,
Markus Lanz 09.04.2015,8.0,38.0,724.0,09.04.2015,
Markus Lanz 08.04.2015,8.0,37.0,723.0,08.04.2015,
Markus Lanz 07.04.2015,8.0,36.0,722.0,07.04.2015,
Markus Lanz 02.04.2015,8.0,35.0,721.0,02.04.2015,
Markus Lanz 01.04.2015,8.0,34.0,720.0,01.04.2015,
Markus Lanz 31.03.2015,8.0,33.0,719.0,31.03.2015,
Markus Lanz 26.03.2015,8.0,32.0,718.0,26.03.2015,
Markus Lanz 25.03.2015,8.0,31.0,717.0,25.03.2015,
Markus Lanz 24.03.2015,8.0,30.0,716.0,24.03.2015,
Markus Lanz 19.03.2015,8.0,29.0,715.0,19.03.2015,
Markus Lanz 18.03.2015,8.0,28.0,714.0,18.03.2015,
Markus Lanz 17.03.2015,8.0,27.0,713.0,17.03.2015,
Markus Lanz 12.03.2015,8.0,26.0,712.0,12.03.2015,
Markus Lanz 11.03.2015,8.0,25.0,711.0,11.03.2015,
Markus Lanz 10.03.2015,8.0,24.0,710.0,10.03.2015,
Markus Lanz 05.03.2015,8.0,23.0,709.0,05.03.2015,
Markus Lanz 04.03.2015,8.0,22.0,708.0,04.03.2015,
Markus Lanz 03.03.2015,8.0,21.0,707.0,03.03.2015,
Markus Lanz 26.02.2015,8.0,20.0,706.0,26.02.2015,
Markus Lanz 25.02.2015,8.0,19.0,705.0,25.02.2015,
Markus Lanz 24.02.2015,8.0,18.0,704.0,24.02.2015,
Markus Lanz 19.02.2015,8.0,17.0,703.0,19.02.2015,
Markus Lanz 18.02.2015,8.0,16.0,702.0,18.02.2015,
Markus Lanz 17.02.2015,8.0,15.0,701.0,17.02.2015,
Markus Lanz 12.02.2015,8.0,14.0,700.0,12.02.2015,
Markus Lanz 11.02.2015,8.0,13.0,699.0,11.02.2015,
Markus Lanz 10.02.2015,8.0,12.0,698.0,10.02.2015,
Markus Lanz 05.02.2015,8.0,11.0,697.0,05.02.2015,
Markus Lanz 04.02.2015,8.0,10.0,696.0,04.02.2015,
Markus Lanz 29.01.2015,8.0,9.0,695.0,29.01.2015,
Markus Lanz 28.01.2015,8.0,8.0,694.0,28.01.2015,
Markus Lanz 27.01.2015,8.0,7.0,693.0,27.01.2015,
Markus Lanz 22.01.2015,8.0,6.0,692.0,22.01.2015,
Markus Lanz 21.01.2015,8.0,5.0,691.0,21.01.2015,
Markus Lanz 20.01.2015,8.0,4.0,690.0,20.01.2015,
Markus Lanz 15.01.2015,8.0,3.0,689.0,15.01.2015,
Markus Lanz 14.01.2015,8.0,2.0,688.0,14.01.2015,
Markus Lanz 13.01.2015,8.0,1.0,687.0,13.01.2015,
Markus Lanz 18.12.2014,7.0,129.0,686.0,18.12.2014,
Markus Lanz 17.12.2014,7.0,128.0,685.0,17.12.2014,
Markus Lanz 16.12.2014,7.0,127.0,684.0,16.12.2014,
Markus Lanz 11.12.2014,7.0,126.0,683.0,11.12.2014,
Markus Lanz 09.12.2014,7.0,125.0,682.0,09.12.2014,
Markus Lanz 04.12.2014,7.0,124.0,681.0,04.12.2014,
Markus Lanz 03.12.2014,7.0,123.0,680.0,03.12.2014,
Markus Lanz 02.12.2014,7.0,122.0,679.0,02.12.2014,
Markus Lanz 27.11.2014,7.0,121.0,678.0,27.11.2014,
Markus Lanz 26.11.2014,7.0,120.0,677.0,26.11.2014,
Markus Lanz 25.11.2014,7.0,119.0,676.0,25.11.2014,
Markus Lanz 20.11.2014,7.0,118.0,675.0,20.11.2014,
Markus Lanz 19.11.2014,7.0,117.0,674.0,19.11.2014,
Markus Lanz 18.11.2014,7.0,116.0,673.0,18.11.2014,
Markus Lanz 13.11.2014,7.0,115.0,672.0,13.11.2014,
Markus Lanz 12.11.2014,7.0,114.0,671.0,12.11.2014,
Markus Lanz 11.11.2014,7.0,113.0,670.0,11.11.2014,
Markus Lanz 06.11.2014,7.0,112.0,669.0,06.11.2014,
Markus Lanz 04.11.2014,7.0,111.0,668.0,04.11.2014,
Markus Lanz 30.10.2014,7.0,110.0,667.0,30.10.2014,
Markus Lanz 29.10.2014,7.0,109.0,666.0,29.10.2014,
Markus Lanz 28.10.2014,7.0,108.0,665.0,28.10.2014,
Markus Lanz 23.10.2014,,,,23.10.2014,
Markus Lanz 22.10.2014,7.0,106.0,663.0,22.10.2014,
Markus Lanz 21.10.2014,7.0,105.0,662.0,21.10.2014,
Markus Lanz 16.10.2014,7.0,104.0,661.0,16.10.2014,
Markus Lanz 15.10.2014,7.0,103.0,660.0,15.10.2014,
Markus Lanz 14.10.2014,7.0,102.0,659.0,14.10.2014,
Markus Lanz 09.10.2014,7.0,101.0,658.0,09.10.2014,
Markus Lanz 08.10.2014,7.0,100.0,657.0,08.10.2014,
Markus Lanz 07.10.2014,7.0,99.0,656.0,07.10.2014,
Markus Lanz 02.10.2014,7.0,98.0,655.0,02.10.2014,
Markus Lanz 01.10.2014,7.0,97.0,654.0,01.10.2014,
Markus Lanz 30.09.2014,7.0,96.0,653.0,30.09.2014,
Markus Lanz 25.09.2014,7.0,95.0,652.0,25.09.2014,
Markus Lanz 24.09.2014,7.0,94.0,651.0,24.09.2014,
Markus Lanz 23.09.2014,7.0,93.0,650.0,23.09.2014,
Markus Lanz 18.09.2014,7.0,92.0,649.0,18.09.2014,
Markus Lanz 17.09.2014,7.0,91.0,648.0,17.09.2014,
Markus Lanz 16.09.2014,7.0,90.0,647.0,16.09.2014,
Markus Lanz 11.09.2014,7.0,89.0,646.0,11.09.2014,
Markus Lanz 10.09.2014,7.0,88.0,645.0,10.09.2014,
Markus Lanz 09.09.2014,7.0,87.0,644.0,09.09.2014,
Markus Lanz 04.09.2014,7.0,86.0,643.0,04.09.2014,
Markus Lanz 03.09.2014,7.0,85.0,642.0,03.09.2014,
Markus Lanz 02.09.2014,7.0,84.0,641.0,02.09.2014,
Markus Lanz 28.08.2014,7.0,83.0,640.0,28.08.2014,
Markus Lanz 27.08.2014,7.0,82.0,639.0,27.08.2014,
Markus Lanz 26.08.2014,7.0,81.0,638.0,26.08.2014,
Markus Lanz 24.07.2014,7.0,80.0,637.0,24.07.2014,
Markus Lanz 23.07.2014,7.0,79.0,636.0,23.07.2014,
Markus Lanz 22.07.2014,7.0,78.0,635.0,22.07.2014,
Markus Lanz 17.07.2014,7.0,77.0,634.0,17.07.2014,
Markus Lanz 16.07.2014,7.0,76.0,633.0,16.07.2014,
Markus Lanz 15.07.2014,7.0,75.0,632.0,15.07.2014,
Markus Lanz 10.07.2014,7.0,74.0,631.0,10.07.2014,
Markus Lanz 09.07.2014,7.0,73.0,630.0,09.07.2014,
Markus Lanz 08.07.2014,7.0,72.0,629.0,08.07.2014,
Markus Lanz 03.07.2014,7.0,71.0,628.0,03.07.2014,
Markus Lanz 02.07.2014,7.0,70.0,627.0,02.07.2014,
Markus Lanz 01.07.2014,7.0,69.0,626.0,01.07.2014,
Markus Lanz 26.06.2014,7.0,68.0,625.0,26.06.2014,
Markus Lanz 25.06.2014,7.0,67.0,624.0,25.06.2014,
Markus Lanz 24.06.2014,7.0,66.0,623.0,24.06.2014,
Markus Lanz 18.06.2014,7.0,65.0,622.0,18.06.2014,
Markus Lanz 11.06.2014,7.0,64.0,621.0,11.06.2014,
Markus Lanz 10.06.2014,7.0,63.0,620.0,10.06.2014,
Markus Lanz 05.06.2014,7.0,62.0,619.0,05.06.2014,
Markus Lanz 04.06.2014,7.0,61.0,618.0,04.06.2014,
Markus Lanz 03.06.2014,7.0,60.0,617.0,03.06.2014,
Markus Lanz 29.05.2014,7.0,59.0,616.0,29.05.2014,
Markus Lanz 28.05.2014,7.0,58.0,615.0,28.05.2014,
Markus Lanz 27.05.2014,7.0,57.0,614.0,27.05.2014,
Markus Lanz 22.05.2014,7.0,56.0,613.0,22.05.2014,
Markus Lanz 21.05.2014,7.0,55.0,612.0,21.05.2014,
Markus Lanz 20.05.2014,7.0,54.0,611.0,20.05.2014,
Markus Lanz 15.05.2014,7.0,53.0,610.0,15.05.2014,
Markus Lanz 14.05.2014,7.0,52.0,609.0,14.05.2014,
Markus Lanz 13.05.2014,7.0,51.0,608.0,13.05.2014,
Markus Lanz 07.05.2014,7.0,50.0,607.0,07.05.2014,
Markus Lanz 06.05.2014,7.0,49.0,606.0,06.05.2014,
Markus Lanz 01.05.2014,7.0,48.0,605.0,01.05.2014,
Markus Lanz 30.04.2014,7.0,47.0,604.0,30.04.2014,
Markus Lanz 29.04.2014,7.0,46.0,603.0,29.04.2014,
Markus Lanz 24.04.2014,,,,24.04.2014,
Markus Lanz 23.04.2014,7.0,44.0,601.0,23.04.2014,
Markus Lanz 22.04.2014,7.0,43.0,600.0,22.04.2014,
Markus Lanz 17.04.2014,,,,17.04.2014,
Markus Lanz 16.04.2014,7.0,41.0,598.0,16.04.2014,
Markus Lanz 15.04.2014,7.0,40.0,597.0,15.04.2014,
Markus Lanz 10.04.2014,7.0,39.0,596.0,10.04.2014,
Markus Lanz 09.04.2014,7.0,38.0,595.0,09.04.2014,
Markus Lanz 08.04.2014,7.0,37.0,594.0,08.04.2014,
Markus Lanz 03.04.2014,7.0,36.0,593.0,03.04.2014,
Markus Lanz 02.04.2014,7.0,35.0,592.0,02.04.2014,
Markus Lanz 01.04.2014,7.0,34.0,591.0,01.04.2014,
Markus Lanz 27.03.2014,,,,27.03.2014,
Markus Lanz 26.03.2014,7.0,32.0,589.0,26.03.2014,
Markus Lanz 25.03.2014,7.0,31.0,588.0,25.03.2014,
Markus Lanz 20.03.2014,7.0,30.0,587.0,20.03.2014,
Markus Lanz 19.03.2014,7.0,29.0,586.0,19.03.2014,
Markus Lanz 18.03.2014,,,,18.03.2014,
Markus Lanz 13.03.2014,7.0,27.0,584.0,13.03.2014,
Markus Lanz 12.03.2014,7.0,26.0,583.0,12.03.2014,
Markus Lanz 11.03.2014,,,,11.03.2014,
Markus Lanz 06.03.2014,,,,06.03.2014,
Markus Lanz 05.03.2014,7.0,23.0,580.0,05.03.2014,
Markus Lanz 04.03.2014,7.0,22.0,579.0,04.03.2014,
Markus Lanz 27.02.2014,,,,27.02.2014,
Markus Lanz 26.02.2014,7.0,20.0,577.0,26.02.2014,
Markus Lanz 25.02.2014,7.0,19.0,576.0,25.02.2014,
Markus Lanz 20.02.2014,,,,20.02.2014,
Markus Lanz 19.02.2014,7.0,17.0,574.0,19.02.2014,
Markus Lanz 18.02.2014,7.0,16.0,573.0,18.02.2014,
Markus Lanz 13.02.2014,,,,13.02.2014,
Markus Lanz 12.02.2014,7.0,14.0,571.0,12.02.2014,
Markus Lanz 11.02.2014,7.0,13.0,570.0,11.02.2014,
Markus Lanz 06.02.2014,,,,06.02.2014,
Markus Lanz 05.02.2014,7.0,11.0,568.0,05.02.2014,
Markus Lanz 04.02.2014,7.0,10.0,567.0,04.02.2014,
Markus Lanz 30.01.2014,,,,30.01.2014,
Markus Lanz 29.01.2014,7.0,8.0,565.0,29.01.2014,
Markus Lanz 28.01.2014,7.0,7.0,564.0,28.01.2014,
Markus Lanz 23.01.2014,,,,23.01.2014,
Markus Lanz 22.01.2014,7.0,5.0,562.0,22.01.2014,
Markus Lanz 21.01.2014,7.0,4.0,561.0,21.01.2014,
Markus Lanz 16.01.2014,,,,16.01.2014,
Markus Lanz 15.01.2014,7.0,2.0,559.0,15.01.2014,
Markus Lanz 14.01.2014,7.0,1.0,558.0,14.01.2014,
Markus Lanz 19.12.2013,6.0,127.0,557.0,19.12.2013,
Markus Lanz 18.12.2013,6.0,126.0,556.0,18.12.2013,
Markus Lanz 17.12.2013,6.0,125.0,555.0,17.12.2013,
Markus Lanz 12.12.2013,,,,12.12.2013,
Markus Lanz 11.12.2013,6.0,123.0,553.0,11.12.2013,
Markus Lanz 10.12.2013,6.0,122.0,552.0,10.12.2013,
Markus Lanz 05.12.2013,,,,05.12.2013,
Markus Lanz 04.12.2013,6.0,120.0,550.0,04.12.2013,
Markus Lanz 03.12.2013,6.0,119.0,549.0,03.12.2013,
Markus Lanz 28.11.2013,,,,28.11.2013,
Markus Lanz 27.11.2013,6.0,118.0,548.0,27.11.2013,
Markus Lanz 26.11.2013,6.0,117.0,547.0,26.11.2013,
Markus Lanz 21.11.2013,6.0,115.0,545.0,21.11.2013,
Markus Lanz 20.11.2013,6.0,115.0,545.0,20.11.2013,
Markus Lanz 19.11.2013,6.0,114.0,544.0,19.11.2013,
Markus Lanz 14.11.2013,6.0,116.0,546.0,14.11.2013,
Markus Lanz 13.11.2013,6.0,112.0,542.0,13.11.2013,
Markus Lanz 12.11.2013,6.0,111.0,541.0,12.11.2013,
Markus Lanz 07.11.2013,6.0,110.0,540.0,07.11.2013,
Markus Lanz 06.11.2013,6.0,109.0,539.0,06.11.2013,
Markus Lanz 05.11.2013,6.0,108.0,538.0,05.11.2013,
Markus Lanz 31.10.2013,,,,31.10.2013,
Markus Lanz 30.10.2013,6.0,106.0,536.0,30.10.2013,
Markus Lanz 29.10.2013,6.0,105.0,535.0,29.10.2013,
Markus Lanz 24.10.2013,,,,24.10.2013,
Markus Lanz 23.10.2013,6.0,103.0,533.0,23.10.2013,
Markus Lanz 22.10.2013,6.0,102.0,532.0,22.10.2013,
Markus Lanz 17.10.2013,,,,17.10.2013,
Markus Lanz 16.10.2013,6.0,100.0,530.0,16.10.2013,
Markus Lanz 10.10.2013,,,,10.10.2013,
Markus Lanz 08.10.2013,6.0,97.0,527.0,08.10.2013,
Markus Lanz 02.10.2013,,,,02.10.2013,
Markus Lanz 01.10.2013,6.0,95.0,525.0,01.10.2013,
Markus Lanz 26.09.2013,6.0,94.0,524.0,26.09.2013,
Markus Lanz 25.09.2013,6.0,93.0,523.0,25.09.2013,
Markus Lanz 24.09.2013,6.0,92.0,522.0,24.09.2013,
Markus Lanz 19.09.2013,,,,19.09.2013,
Markus Lanz 18.09.2013,,,,18.09.2013,
Markus Lanz 17.09.2013,,,,17.09.2013,
Markus Lanz 12.09.2013,,,,12.09.2013,
Markus Lanz 11.09.2013,,,,11.09.2013,
Markus Lanz 10.09.2013,6.0,86.0,516.0,10.09.2013,
Markus Lanz 31.07.2013,,,,31.07.2013,
Markus Lanz 30.07.2013,6.0,84.0,514.0,30.07.2013,
Markus Lanz 25.07.2013,6.0,83.0,513.0,25.07.2013,
Markus Lanz 24.07.2013,6.0,82.0,512.0,24.07.2013,
Markus Lanz 23.07.2013,6.0,81.0,511.0,23.07.2013,
Markus Lanz 18.07.2013,,,,18.07.2013,
Markus Lanz 17.07.2013,6.0,79.0,509.0,17.07.2013,
Markus Lanz 16.07.2013,6.0,78.0,508.0,16.07.2013,
Markus Lanz 11.07.2013,,,,11.07.2013,
Markus Lanz 10.07.2013,,,,10.07.2013,
Markus Lanz 09.07.2013,,,,09.07.2013,
Markus Lanz 04.07.2013,,,,04.07.2013,
Markus Lanz 03.07.2013,,,,03.07.2013,
Markus Lanz 02.07.2013,,,,02.07.2013,
Markus Lanz 27.06.2013,,,,27.06.2013,
Markus Lanz 26.06.2013,,,,26.06.2013,
Markus Lanz 25.06.2013,,,,25.06.2013,
Markus Lanz 19.06.2013,,,,19.06.2013,
Markus Lanz 18.06.2013,,,,18.06.2013,
Markus Lanz 13.06.2013,,,,13.06.2013,
Markus Lanz 12.06.2013,,,,12.06.2013,
Markus Lanz 11.06.2013,,,,11.06.2013,
Markus Lanz 06.06.2013,,,,06.06.2013,
Markus Lanz 05.06.2013,,,,05.06.2013,
Markus Lanz 04.06.2013,,,,04.06.2013,
Markus Lanz 30.05.2013,,,,30.05.2013,
Markus Lanz 29.05.2013,,,,29.05.2013,
Markus Lanz 28.05.2013,,,,28.05.2013,
Markus Lanz 23.05.2013,,,,23.05.2013,
Markus Lanz 22.05.2013,,,,22.05.2013,
Markus Lanz 21.05.2013,,,,21.05.2013,
Markus Lanz 16.05.2013,,,,16.05.2013,
Markus Lanz 15.05.2013,,,,15.05.2013,
Markus Lanz 14.05.2013,,,,14.05.2013,
Markus Lanz 09.05.2013,,,,09.05.2013,
Markus Lanz 08.05.2013,,,,08.05.2013,
Markus Lanz 07.05.2013,,,,07.05.2013,
Markus Lanz 02.05.2013,,,,02.05.2013,
Markus Lanz 01.05.2013,,,,01.05.2013,
Markus Lanz 30.04.2013,,,,30.04.2013,
Markus Lanz 25.04.2013,,,,25.04.2013,
Markus Lanz 24.04.2013,,,,24.04.2013,
Markus Lanz 23.04.2013,,,,23.04.2013,
Markus Lanz 18.04.2013,,,,18.04.2013,
Markus Lanz 17.04.2013,,,,17.04.2013,
Markus Lanz 16.04.2013,,,,16.04.2013,
Markus Lanz 11.04.2013,,,,11.04.2013,
Markus Lanz 10.04.2013,,,,10.04.2013,
Markus Lanz 09.04.2013,,,,09.04.2013,
Markus Lanz 04.04.2013,,,,04.04.2013,
Markus Lanz 03.04.2013,,,,03.04.2013,
Markus Lanz 02.04.2013,,,,02.04.2013,
Markus Lanz 28.03.2013,,,,28.03.2013,
Markus Lanz 27.03.2013,,,,27.03.2013,
Markus Lanz 26.03.2013,,,,26.03.2013,
Markus Lanz 21.03.2013,,,,21.03.2013,
Markus Lanz 20.03.2013,,,,20.03.2013,
Markus Lanz 19.03.2013,,,,19.03.2013,
Markus Lanz 14.03.2013,,,,14.03.2013,
Markus Lanz 13.03.2013,,,,13.03.2013,
Markus Lanz 12.03.2013,,,,12.03.2013,
Markus Lanz 07.03.2013,,,,07.03.2013,
Markus Lanz 06.03.2013,,,,06.03.2013,
Markus Lanz 05.03.2013,,,,05.03.2013,
Markus Lanz im Interview mit Peter Kohl und Walter Kohl,,,,01.03.2013,
Markus Lanz 28.02.2013,,,,28.02.2013,
Markus Lanz 27.02.2013,,,,27.02.2013,
Markus Lanz 26.02.2013,,,,26.02.2013,
Markus Lanz 21.02.2013,,,,21.02.2013,
Markus Lanz 20.02.2013,,,,20.02.2013,
Markus Lanz 19.02.2013,,,,19.02.2013,
Markus Lanz 14.02.2013,,,,14.02.2013,
Markus Lanz 13.02.2013,,,,13.02.2013,
Markus Lanz 12.02.2013,,,,12.02.2013,
Markus Lanz 07.02.2013,,,,07.02.2013,
Markus Lanz 06.02.2013,,,,06.02.2013,
Markus Lanz 05.02.2013,,,,05.02.2013,
Markus Lanz 31.01.2013,,,,31.01.2013,
Markus Lanz 30.01.2013,,,,30.01.2013,
Markus Lanz 29.01.2013,,,,29.01.2013,
Markus Lanz 24.01.2013,,,,24.01.2013,
Markus Lanz 23.01.2013,,,,23.01.2013,
Markus Lanz 22.01.2013,,,,22.01.2013,
Markus Lanz 17.01.2013,,,,17.01.2013,
Markus Lanz 16.01.2013,,,,16.01.2013,
Markus Lanz 15.01.2013,,,,15.01.2013,
Markus Lanz 19.12.2012,,,,19.12.2012,
Markus Lanz 18.12.2012,,,,18.12.2012,
Markus Lanz 13.12.2012,,,,13.12.2012,
Markus Lanz 12.12.2012,,,,12.12.2012,
Markus Lanz 11.12.2012,,,,11.12.2012,
Markus Lanz 06.12.2012,,,,06.12.2012,
Markus Lanz 04.12.2012,,,,04.12.2012,
Markus Lanz 29.11.2012,,,,29.11.2012,
Markus Lanz 28.11.2012,,,,28.11.2012,
Markus Lanz 27.11.2012,,,,27.11.2012,
Markus Lanz 22.11.2012,,,,22.11.2012,
Markus Lanz 21.11.2012,,,,21.11.2012,
Markus Lanz 20.11.2012,,,,20.11.2012,
Markus Lanz 15.11.2012,,,,15.11.2012,
Markus Lanz 14.11.2012,,,,14.11.2012,
Markus Lanz 13.11.2012,,,,13.11.2012,
Markus Lanz 08.11.2012,,,,08.11.2012,
Markus Lanz 07.11.2012,,,,07.11.2012,
Markus Lanz 06.11.2012,,,,06.11.2012,
Markus Lanz 01.11.2012,,,,01.11.2012,
Markus Lanz 31.10.2012,,,,31.10.2012,
Markus Lanz 30.10.2012,,,,30.10.2012,
Markus Lanz 25.10.2012,,,,25.10.2012,
Markus Lanz 24.10.2012,,,,24.10.2012,
Markus Lanz 23.10.2012,,,,23.10.2012,
Markus Lanz 18.10.2012,,,,18.10.2012,
Markus Lanz 17.10.2012,,,,17.10.2012,
Markus Lanz 11.10.2012,,,,11.10.2012,
Markus Lanz 10.10.2012,,,,10.10.2012,
Markus Lanz 09.10.2012,,,,09.10.2012,
Markus Lanz 03.10.2012,,,,03.10.2012,
Markus Lanz 02.10.2012,,,,02.10.2012,
Markus Lanz 27.09.2012,,,,27.09.2012,
Markus Lanz 26.09.2012,,,,26.09.2012,
Markus Lanz 25.09.2012,,,,25.09.2012,
Markus Lanz 20.09.2012,,,,20.09.2012,
Markus Lanz 19.09.2012,,,,19.09.2012,
Markus Lanz 18.09.2012,,,,18.09.2012,
Markus Lanz 13.09.2012,,,,13.09.2012,
Markus Lanz 12.09.2012,,,,12.09.2012,
Markus Lanz 11.09.2012,,,,11.09.2012,
Markus Lanz 06.09.2012,,,,06.09.2012,
Markus Lanz 05.09.2012,,,,05.09.2012,
Markus Lanz 04.09.2012,,,,04.09.2012,
Markus Lanz 30.08.2012,,,,30.08.2012,
Markus Lanz 29.08.2012,,,,29.08.2012,
Markus Lanz 28.08.2012,,,,28.08.2012,
Markus Lanz 23.08.2012,,,,23.08.2012,
Markus Lanz 22.08.2012,,,,22.08.2012,
Markus Lanz 21.08.2012,,,,21.08.2012,
Markus Lanz 26.07.2012,,,,26.07.2012,
Markus Lanz 25.07.2012,,,,25.07.2012,
Markus Lanz 24.07.2012,,,,24.07.2012,
Markus Lanz 19.07.2012,,,,19.07.2012,
Markus Lanz 18.07.2012,,,,18.07.2012,
Markus Lanz 17.07.2012,,,,17.07.2012,
Markus Lanz 12.07.2012,,,,12.07.2012,
Markus Lanz 11.07.2012,,,,11.07.2012,
Markus Lanz 10.07.2012,,,,10.07.2012,
Markus Lanz 05.07.2012,,,,05.07.2012,
Markus Lanz 04.07.2012,,,,04.07.2012,
Markus Lanz 03.07.2012,,,,03.07.2012,
Markus Lanz 01.07.2012,,,,01.07.2012,
Markus Lanz 27.06.2012,,,,27.06.2012,
Markus Lanz 26.06.2012,,,,26.06.2012,
Markus Lanz 22.06.2012,,,,22.06.2012,
Markus Lanz 21.06.2012,,,,21.06.2012,
Markus Lanz 20.06.2012,,,,20.06.2012,
Markus Lanz 19.06.2012,,,,19.06.2012,
Markus Lanz 14.06.2012,,,,14.06.2012,
Markus Lanz 13.06.2012,,,,13.06.2012,
Markus Lanz 12.06.2012,,,,12.06.2012,
Markus Lanz 07.06.2012,,,,07.06.2012,
Markus Lanz 06.06.2012,,,,06.06.2012,
Markus Lanz 05.06.2012,,,,05.06.2012,
Markus Lanz 31.05.2012,,,,31.05.2012,
Markus Lanz 30.05.2012,,,,30.05.2012,
Markus Lanz 29.05.2012,,,,29.05.2012,
Markus Lanz 24.05.2012,,,,24.05.2012,
Markus Lanz 23.05.2012,,,,23.05.2012,
Markus Lanz 22.05.2012,,,,22.05.2012,
Markus Lanz 17.05.2012,,,,17.05.2012,
Markus Lanz 16.05.2012,,,,16.05.2012,
Markus Lanz 15.05.2012,,,,15.05.2012,
Markus Lanz 10.05.2012,,,,10.05.2012,
Markus Lanz 09.05.2012,,,,09.05.2012,
Markus Lanz 08.05.2012,,,,08.05.2012,
Markus Lanz 03.05.2012,,,,03.05.2012,
Markus Lanz 02.05.2012,,,,02.05.2012,
Markus Lanz 01.05.2012,,,,01.05.2012,
Markus Lanz 26.04.2012,,,,26.04.2012,
Markus Lanz 25.04.2012,,,,25.04.2012,
Markus Lanz 24.04.2012,,,,24.04.2012,
Markus Lanz 19.04.2012,,,,19.04.2012,
Markus Lanz 18.04.2012,,,,18.04.2012,
Markus Lanz 17.04.2012,,,,17.04.2012,
Markus Lanz 12.04.2012,,,,12.04.2012,
Markus Lanz 11.04.2012,,,,11.04.2012,
Markus Lanz 10.04.2012,,,,10.04.2012,
Markus Lanz 05.04.2012,,,,05.04.2012,
Markus Lanz 04.04.2012,,,,04.04.2012,
Markus Lanz 03.04.2012,,,,03.04.2012,
Markus Lanz 29.03.2012,,,,29.03.2012,
Markus Lanz 28.03.2012,,,,28.03.2012,
Markus Lanz 27.03.2012,,,,27.03.2012,
Markus Lanz 22.03.2012,,,,22.03.2012,
Markus Lanz 21.03.2012,,,,21.03.2012,
Markus Lanz 20.03.2012,,,,20.03.2012,
Markus Lanz 15.03.2012,,,,15.03.2012,
Markus Lanz 14.03.2012,,,,14.03.2012,
Markus Lanz 13.03.2012,,,,13.03.2012,
Markus Lanz 08.03.2012,,,,08.03.2012,
Markus Lanz 07.03.2012,,,,07.03.2012,
Markus Lanz 06.03.2012,,,,06.03.2012,
Markus Lanz 01.03.2012,,,,01.03.2012,
Markus Lanz 29.02.2012,,,,29.02.2012,
Markus Lanz 28.02.2012,,,,28.02.2012,
Markus Lanz 23.02.2012,,,,23.02.2012,
Markus Lanz 22.02.2012,,,,22.02.2012,
Markus Lanz 21.02.2012,,,,21.02.2012,
Markus Lanz 16.02.2012,,,,16.02.2012,
Markus Lanz 15.02.2012,,,,15.02.2012,
Markus Lanz 09.02.2012,,,,09.02.2012,
Markus Lanz 08.02.2012,,,,08.02.2012,
Markus Lanz 07.02.2012,,,,07.02.2012,
Markus Lanz 02.02.2012,,,,02.02.2012,
Markus Lanz 01.02.2012,,,,01.02.2012,
Markus Lanz 31.01.2012,,,,31.01.2012,
Markus Lanz 26.01.2012,,,,26.01.2012,
Markus Lanz 25.01.2012,,,,25.01.2012,
Markus Lanz 24.01.2012,,,,24.01.2012,
Markus Lanz 19.01.2012,,,,19.01.2012,
Markus Lanz 18.01.2012,,,,18.01.2012,
Markus Lanz 17.01.2012,,,,17.01.2012,
Markus Lanz 12.01.2012,,,,12.01.2012,
Markus Lanz 11.01.2012,,,,11.01.2012,
Markus Lanz 10.01.2012,,,,10.01.2012,
Markus Lanz 15.12.2011,,,,15.12.2011,
Markus Lanz 14.12.2011,,,,14.12.2011,
Markus Lanz 13.12.2011,,,,13.12.2011,
Markus Lanz 08.12.2011,,,,08.12.2011,
Markus Lanz 07.12.2011,,,,07.12.2011,
Markus Lanz 06.12.2011,,,,06.12.2011,
Markus Lanz 01.12.2011,,,,01.12.2011,
Markus Lanz 30.11.2011,,,,30.11.2011,
Markus Lanz 29.11.2011,,,,29.11.2011,
Markus Lanz 24.11.2011,,,,24.11.2011,
Markus Lanz 23.11.2011,,,,23.11.2011,
Markus Lanz 22.11.2011,,,,22.11.2011,
Markus Lanz 10.11.2011,,,,10.11.2011,
Markus Lanz 09.11.2011,,,,09.11.2011,
Markus Lanz 08.11.2011,,,,08.11.2011,
Markus Lanz 03.11.2011,,,,03.11.2011,
Markus Lanz 02.11.2011,,,,02.11.2011,
Markus Lanz 27.10.2011,,,,27.10.2011,
Markus Lanz 26.10.2011,,,,26.10.2011,
Markus Lanz 20.10.2011,,,,20.10.2011,
Markus Lanz 19.10.2011,,,,19.10.2011,
Markus Lanz 18.10.2011,,,,18.10.2011,
Markus Lanz 13.10.2011,,,,13.10.2011,
Markus Lanz 12.10.2011,,,,12.10.2011,
Markus Lanz 11.10.2011,,,,11.10.2011,
Markus Lanz 06.10.2011,,,,06.10.2011,
Markus Lanz 05.10.2011,,,,05.10.2011,
Markus Lanz 04.10.2011,,,,04.10.2011,
Markus Lanz 29.09.2011,,,,29.09.2011,
Markus Lanz 28.09.2011,,,,28.09.2011,
Markus Lanz 27.09.2011,,,,27.09.2011,
Markus Lanz 22.09.2011,,,,22.09.2011,
Markus Lanz 21.09.2011,,,,21.09.2011,
Markus Lanz 20.09.2011,,,,20.09.2011,
Markus Lanz 15.09.2011,,,,15.09.2011,
Markus Lanz 14.09.2011,,,,14.09.2011,
Markus Lanz 13.09.2011,,,,13.09.2011,
Markus Lanz 08.09.2011,,,,08.09.2011,
Markus Lanz 07.09.2011,,,,07.09.2011,
Markus Lanz 01.09.2011,,,,01.09.2011,
Markus Lanz 31.08.2011,,,,31.08.2011,
Markus Lanz 30.08.2011,,,,30.08.2011,
Markus Lanz 25.08.2011,,,,25.08.2011,
Markus Lanz 24.08.2011,,,,24.08.2011,
Markus Lanz 23.08.2011,,,,23.08.2011,
Markus Lanz spezial 23.08.2011,,,,23.08.2011,
Markus Lanz 18.08.2011,,,,18.08.2011,
Markus Lanz 17.08.2011,,,,17.08.2011,
Markus Lanz 14.07.2011,,,,14.07.2011,
Markus Lanz 12.07.2011,,,,12.07.2011,
Markus Lanz 07.07.2011,,,,07.07.2011,
Markus Lanz 06.07.2011,,,,06.07.2011,
Markus Lanz 05.07.2011,,,,05.07.2011,
Markus Lanz 30.06.2011,,,,30.06.2011,
Markus Lanz 29.06.2011,,,,29.06.2011,
Markus Lanz 28.06.2011,,,,28.06.2011,
Markus Lanz 23.06.2011,,,,23.06.2011,
Markus Lanz 22.06.2011,,,,22.06.2011,
Markus Lanz 16.06.2011,,,,16.06.2011,
Markus Lanz 15.06.2011,,,,15.06.2011,
Markus Lanz 14.06.2011,,,,14.06.2011,
Markus Lanz 09.06.2011,,,,09.06.2011,
Markus Lanz 08.06.2011,,,,08.06.2011,
Markus Lanz 07.06.2011,,,,07.06.2011,
Markus Lanz 02.06.2011,,,,02.06.2011,
Markus Lanz 01.06.2011,,,,01.06.2011,
Markus Lanz 31.05.2011,,,,31.05.2011,
Markus Lanz 25.05.2011,,,,25.05.2011,
Markus Lanz 19.05.2011,,,,19.05.2011,
Markus Lanz 18.05.2011,,,,18.05.2011,
Markus Lanz 17.05.2011,,,,17.05.2011,
Markus Lanz 12.05.2011,,,,12.05.2011,
Markus Lanz 11.05.2011,,,,11.05.2011,
Markus Lanz 10.05.2011,,,,10.05.2011,
Markus Lanz 05.05.2011,,,,05.05.2011,
Markus Lanz 03.05.2011,,,,03.05.2011,
Markus Lanz 28.04.2011,,,,28.04.2011,
Markus Lanz 27.04.2011,,,,27.04.2011,
Markus Lanz 26.04.2011,,,,26.04.2011,
Markus Lanz 19.04.2011,,,,19.04.2011,
Markus Lanz 14.04.2011,,,,14.04.2011,
Markus Lanz 13.04.2011,,,,13.04.2011,
Markus Lanz 07.04.2011,,,,07.04.2011,
Markus Lanz 06.04.2011,,,,06.04.2011,
Markus Lanz 05.04.2011,,,,05.04.2011,
Markus Lanz 31.03.2011,,,,31.03.2011,
Markus Lanz 30.03.2011,,,,30.03.2011,
Markus Lanz 24.03.2011,,,,24.03.2011,
Markus Lanz 23.03.2011,,,,23.03.2011,
Markus Lanz 22.03.2011,,,,22.03.2011,
Markus Lanz 17.03.2011,,,,17.03.2011,
Markus Lanz 16.03.2011,,,,16.03.2011,
Markus Lanz 15.03.2011,,,,15.03.2011,
Markus Lanz 10.03.2011,,,,10.03.2011,
Markus Lanz 09.03.2011,,,,09.03.2011,
Markus Lanz 08.03.2011,,,,08.03.2011,
Markus Lanz 02.03.2011,,,,02.03.2011,
Markus Lanz 01.03.2011,,,,01.03.2011,
Markus Lanz 24.02.2011,,,,24.02.2011,
Markus Lanz 23.02.2011,,,,23.02.2011,
Markus Lanz 17.02.2011,,,,17.02.2011,
Markus Lanz 16.02.2011,,,,16.02.2011,
Markus Lanz 15.02.2011,,,,15.02.2011,
Markus Lanz 10.02.2011,,,,10.02.2011,
Markus Lanz 09.02.2011,,,,09.02.2011,
Markus Lanz 08.02.2011,,,,08.02.2011,
Markus Lanz 03.02.2011,,,,03.02.2011,
Markus Lanz 02.02.2011,,,,02.02.2011,
Markus Lanz 01.02.2011,,,,01.02.2011,
Markus Lanz 27.01.2011,,,,27.01.2011,
Markus Lanz 26.01.2011,,,,26.01.2011,
Markus Lanz 25.01.2011,,,,25.01.2011,
Markus Lanz 20.01.2011,,,,20.01.2011,
Markus Lanz 19.01.2011,,,,19.01.2011,
Markus Lanz 18.01.2011,,,,18.01.2011,
Markus Lanz 13.01.2011,,,,13.01.2011,
Markus Lanz 12.01.2011,,,,12.01.2011,
